gene,m1,m2,m3,p1,p2,p3
lp_0001,1270,1928,839,585,1595,1120
lp_0002,1739,2118,1307,847,1622,1596
lp_0004,199,213,353,191,209,387
lp_0005,673,738,995,690,647,1038
lp_0006,1904,2185,1825,1860,1933,1920
lp_0007,2604,2995,2333,2774,2500,2324
lp_0009,2695,876,1239,2334,754,977
lp_0010,6187,2143,2622,5334,1695,2286
lp_0011,1591,575,706,1399,500,548
lp_0012,1766,2539,3478,1594,2322,4185
lp_0013,427,652,728,412,564,850
lp_0014,1405,1890,2012,1218,1508,2458
lp_0015,169,196,104,120,165,168
lp_0016,101,164,85,69,116,118
lp_0017,202,394,178,186,216,295
lp_0018,37,337,216,32,320,173
lp_0020,2,4,3,2,4,20
lp_0021,13,10,19,2,2,28
lp_0022,16,19,38,13,15,51
lp_0023,31,35,61,22,29,70
lp_0024,48,75,80,39,68,101
lp_0025,81,78,69,62,51,81
lp_0026,255,734,1270,247,686,1524
lp_0027,69,380,429,63,275,653
lp_0028,380,1199,1242,285,996,1719
lp_0030,298,321,171,307,296,194
lp_0031,626,1139,303,571,1197,392
lp_0032,315,1051,256,307,998,343
lp_tRNA01,0,0,1,0,0,0
lp_0036,414,683,877,421,647,914
lp_0037,979,1320,1335,1063,1251,1541
lp_0038,994,1146,658,857,862,775
lp_0039,533,536,378,458,405,515
lp_0041,546,863,913,406,719,1104
lp_0043,1161,2440,2713,1133,2255,3273
lp_0045,41,117,384,16,66,468
lp_0046,28,41,58,16,13,33
lp_0047,22,24,18,15,11,35
lp_0048,110,182,260,95,168,334
lp_0050,23,7,10,32,8,10
lp_0052,44,32,67,53,36,61
lp_0053,134,191,134,121,164,126
lp_0054,84,220,94,77,133,114
lp_0055,99,56,44,59,32,44
lp_0056,10,10,42,7,8,65
lp_0057,107,96,236,75,106,274
lp_0058,32,85,259,34,50,165
lp_0059,8,4,19,7,14,26
lp_0060,1,1,14,0,2,4
lp_0061,10,36,59,9,24,45
lp_0062,5,18,42,14,41,47
lp_0063,2,34,221,11,28,227
lp_0066,84,811,1841,101,573,2027
lp_0067,5,227,164,10,140,230
lp_0068,174,504,369,146,356,381
lp_0069,22,55,86,19,41,73
lp_0070,64,41,30,47,33,31
lp_0071,6,3,2,4,8,0
lp_0072,18,16,18,9,8,9
lp_0073,175,136,74,128,89,77
lp_0074,80,91,80,96,64,101
lp_0075,13,7,15,4,11,11
lp_0076,129,205,103,112,184,105
lp_0077,56,69,25,30,72,39
lp_0078,74,84,29,66,86,28
lp_0080,27,58,28,30,50,40
lp_0081,45,72,82,52,41,85
lp_0082,59,41,29,39,46,31
lp_0083,39,61,108,20,66,112
lp_0085,142,136,117,118,120,175
lp_0088,35,101,29,49,68,36
lp_0089,228,332,91,210,284,89
lp_0091,157,373,570,124,240,561
lp_0092,51,108,214,60,103,226
lp_0096,11,34,300,9,24,208
lp_0098,22,53,211,19,33,146
lp_0099,319,231,51,210,190,75
lp_0100,415,284,123,282,191,152
lp_0101,97,37,20,48,18,15
lp_0102,70,51,25,59,29,34
lp_0103,69,55,40,32,19,40
lp_0104,24,7,10,12,8,7
lp_0105,10,7,0,4,7,4
lp_0106,11,6,5,9,0,5
lp_0107,13,3,3,6,3,5
lp_0108,12,3,9,14,2,10
lp_0109,45,49,69,27,40,94
lp_0111,141,114,276,130,127,326
lp_0113,19,46,39,21,30,27
lp_0114,25,66,61,32,46,38
lp_0115,22,35,34,20,36,31
lp_0116,62,65,57,54,29,70
lp_0117,150,370,565,121,280,713
lp_0118,123,301,506,120,236,472
lp_0119,67,292,279,79,218,275
lp_0120,1259,1772,161,1168,1408,222
lp_0121,139,191,238,98,179,276
lp_0122,112,212,264,98,144,339
lp_0124,1391,3866,1179,1135,3350,1761
lp_0125,126,328,243,115,433,383
lp_0126,508,720,932,450,792,1153
lp_0127,26,27,115,29,21,83
lp_0128,19,54,592,19,40,426
lp_0129,134,1534,24300,208,787,25474
lp_0130,2,2,57,7,7,58
lp_0131,2,13,54,1,5,57
lp_0132,220,366,322,115,280,406
lp_0133,23,132,28,31,84,33
lp_0134,413,1253,115,298,666,175
lp_0136,41,275,48,30,219,66
lp_0137,337,1095,2629,345,986,3122
lp_0138,345,567,495,271,422,757
lp_0139,1336,1706,5787,1603,1449,4874
lp_0141,4,58,336,6,23,393
lp_0145,183,72,29,155,52,48
lp_0146,129,161,253,86,152,266
lp_0148,232,178,22,159,142,21
lp_0149,614,546,109,328,368,180
lp_0150,90,204,54,68,114,68
lp_0152,207,297,819,198,278,923
lp_0154,0,22,38,2,13,33
lp_0155,1,20,92,12,15,54
lp_0156,5,54,83,4,22,101
lp_0158,82,113,89,76,71,77
lp_0159,126,228,666,83,180,870
lp_0160,114,130,143,50,59,116
lp_0161,69,187,151,54,57,130
lp_0162,86,117,146,90,58,157
lp_0163,384,573,617,314,495,749
lp_0164,257,828,102,314,896,172
lp_0165,65,148,216,32,114,299
lp_0166,121,376,657,92,248,892
lp_0168,442,4463,2338,385,3161,3513
lp_0169,198,2064,961,141,1482,1420
lp_0170,144,1322,590,97,909,809
lp_0171,165,1844,724,154,1275,1061
lp_0172,26,421,309,33,238,303
lp_0173,23,395,353,14,208,297
lp_0174,31,516,403,26,291,448
lp_0175,46,443,1769,45,194,1280
lp_0176,10,94,271,3,18,258
lp_0177,6,51,147,3,13,114
lp_0178,9,48,131,1,27,119
lp_0179,21,56,214,18,30,176
lp_0180,25,70,205,15,47,176
lp_0181,51,170,566,42,69,453
lp_0182,69,41,63,62,32,64
lp_0183,1278,5291,5310,1342,4786,9088
lp_0184,100,213,885,60,137,767
lp_0185,147,165,681,110,96,713
lp_0187,115,137,843,93,110,908
lp_0188,103,125,292,77,98,385
lp_0189,203,234,390,155,177,379
lp_0190,80,69,73,77,79,101
lp_0192,111,19,16,67,33,34
lp_0193,10,29,70,14,7,56
lp_0194,45,32,36,38,28,67
lp_0197,473,715,1413,346,480,1358
lp_0199,74,138,246,117,139,196
lp_0200,47,36,44,47,39,68
lp_0201,20,50,4,11,23,7
lp_0202,30,89,16,21,60,22
lp_0203,80,212,44,49,172,56
lp_0204,62,150,54,47,121,45
lp_0205,57,174,84,35,147,108
lp_0206,302,1568,3628,284,1169,3787
lp_0207,220,429,80,143,408,116
lp_0208,156,227,41,112,197,53
lp_0209,281,248,49,206,190,53
lp_0210,904,782,166,661,579,179
lp_0213,123,137,69,88,91,104
lp_0214,166,184,82,113,111,143
lp_0215,442,225,134,299,197,145
lp_0216,75,108,165,85,88,215
lp_0217,85,22,11,52,37,19
lp_0218,153,104,31,170,104,51
lp_0219,59,33,22,53,34,27
lp_0220,131,238,499,105,223,512
lp_0221,306,830,1387,298,738,1791
lp_0223,121,360,436,103,286,473
lp_0224,32,68,172,20,62,187
lp_0225,16,45,155,18,30,173
lp_0226,168,752,2109,187,733,2381
lp_0228,495,1726,674,351,1377,810
lp_0230,57,641,1937,73,435,1745
lp_0231,112,376,1209,90,271,810
lp_0232,30,84,270,27,69,177
lp_0233,123,348,1065,89,240,623
lp_0235,216,195,140,175,233,176
lp_0236,92,133,232,76,113,195
lp_0237,46,60,80,40,35,66
lp_0239,38,8,24,48,24,20
lp_0240,9,6,115,9,9,76
lp_0242,15,45,314,34,40,165
lp_0243,329,701,1861,221,527,2151
lp_0244,117,284,503,126,306,549
lp_0245,59,92,91,37,80,85
lp_0247,4,20,28,3,20,119
lp_0248,1,6,0,0,10,6
lp_0249,1,13,14,2,20,34
lp_0250,6,22,9,4,18,29
lp_0251,16,10,9,8,19,29
lp_0252,7,19,8,1,13,12
lp_0253,7,28,26,12,24,22
lp_0254,158,318,133,134,451,105
lp_0255,374,805,425,239,966,311
lp_0256,153,516,266,99,383,253
lp_0257,636,857,941,570,803,994
lp_0259,182,364,257,213,102,158
lp_0260,8,13,108,8,2,144
lp_0261,8,12,168,6,9,129
lp_0262,281,68,1575,318,263,777
lp_0263,304,129,4262,232,571,1669
lp_0264,523,264,4776,349,923,1728
lp_0265,253,122,1485,195,253,665
lp_0266,76,164,2586,58,124,2482
lp_0267,1183,1215,316,1061,975,365
lp_0268,2570,2681,607,2344,2070,784
lp_0269,4302,3494,988,4105,2784,1308
lp_0271,25,22,34,37,21,48
lp_0272,30,25,30,25,26,47
lp_0273,25,13,54,22,20,88
lp_0274,52,42,64,38,48,74
lp_0275,747,754,1571,583,610,1312
lp_0276,14,21,13,19,7,14
lp_0277,5,6,6,3,3,11
lp_0279,2,5,3,2,6,4
lp_0280,19,23,22,15,15,32
lp_0281,38,122,827,39,82,874
lp_0282,100,179,293,71,144,327
lp_0283,79,123,192,38,84,226
lp_0284,49,89,108,47,74,121
lp_0285,132,237,258,92,206,286
lp_0286,138,716,4236,123,330,2420
lp_0287,95,204,269,83,107,300
lp_0289,0,7,13,3,1,16
lp_0290,17,27,28,11,9,38
lp_0291,103,328,656,135,351,811
lp_0292,278,209,203,296,191,320
lp_0293,642,472,517,641,403,674
lp_0294,55,105,25,56,78,48
lp_0295,662,766,273,481,556,393
lp_0296,66,165,119,60,123,119
lp_0297,222,449,269,151,555,383
lp_0298,5,7,6,2,8,18
lp_0299,7,13,52,8,15,49
lp_0300,50,154,130,40,103,168
lp_0301,85,226,164,47,143,197
lp_0302,2064,4695,56,1711,2500,104
lp_0304,1390,6968,41,1071,5622,70
lp_0305,91,139,35,66,98,31
lp_0306,194,287,66,100,193,78
lp_0307,122,243,61,65,211,58
lp_0308,463,792,651,297,612,777
lp_0309,66,154,775,64,71,626
lp_0310,147,417,667,140,321,437
lp_0311,25,47,124,32,13,127
lp_0312,45,59,88,52,22,155
lp_0313,1684,3208,5349,1590,3238,4971
lp_0314,19,29,57,19,20,28
lp_0315,147,139,105,114,110,134
lp_0316,120,182,54,89,93,85
lp_0317,120,148,68,97,111,69
lp_0318,174,220,132,125,186,137
lp_0319,27,21,27,33,39,29
lp_0320,362,1024,847,314,751,1027
lp_0321,124,222,286,107,198,410
lp_0322,182,397,413,149,267,536
lp_0324,279,220,222,206,141,322
lp_0325,212,34,32,221,61,54
lp_0326,675,196,126,699,212,186
lp_0327,762,207,217,747,179,235
lp_0329,472,307,650,340,226,934
lp_0330,17734,21569,9686,15994,21596,10821
lp_0331,475,435,372,395,443,462
lp_0332,314,890,178,232,669,295
lp_0333,43,73,12,31,66,26
lp_0334,1515,1777,2003,1337,1432,2142
lp_0335,331,679,1643,266,620,1936
lp_0336,32,75,124,35,36,154
lp_0337,55,131,185,65,78,250
lp_0338,20,17,48,14,26,75
lp_0339,147,396,165,102,428,280
lp_0340,648,917,2006,531,689,2846
lp_0343,655,225,355,660,204,323
lp_0344,1457,450,919,1417,336,919
lp_0346,0,2,10,2,1,6
lp_0347,75,57,42,33,36,28
lp_0348,277,224,217,226,197,233
lp_0349,27,54,44,21,12,66
lp_0350,12,117,29,5,108,16
lp_0351,160,214,273,133,298,346
lp_0353,11,8,31,4,14,44
lp_0354,155,286,141,131,269,198
lp_0355,285,1977,1709,235,1986,2271
lp_0357,162,235,206,134,245,177
lp_0358,404,1343,1783,332,1119,2146
lp_0359,254,194,117,164,133,136
lp_0360,35,15,36,16,18,39
lp_0361,58,59,154,33,55,169
lp_0362,601,528,626,544,391,824
lp_0363,339,869,1189,262,773,1232
lp_0364,291,659,379,222,546,411
lp_0365,29,93,117,17,74,158
lp_0366,5,12,7,3,4,17
lp_0367,274,957,500,164,770,457
lp_0368,226,988,561,170,855,520
lp_0369,575,3436,1915,444,2726,2160
lp_0370,12,35,437,17,32,215
lp_0371,30,45,569,26,37,191
lp_0372,10,13,218,6,8,81
lp_0373,22,24,33,13,13,44
lp_0374,53,56,63,49,39,107
lp_0375,28,39,33,31,30,45
lp_0376,39,33,21,38,30,57
lp_0377,18,17,16,12,17,21
lp_0379,57,79,89,69,58,91
lp_0381,20,41,39,29,18,47
lp_0382,20,43,48,14,18,81
lp_0383,3,4,19,3,12,18
lp_0384,22,16,17,21,14,24
lp_0385,30,12,28,25,23,32
lp_0386,14,7,12,7,10,5
lp_0388,20,43,39,21,36,41
lp_0391,28,32,38,19,35,52
lp_0393,13,34,19,16,14,14
lp_0394,50,112,59,44,82,64
lp_0395,55,106,71,36,68,64
lp_0396,48,146,84,47,112,115
lp_0397,37,35,47,17,41,46
lp_0399,27,94,58,22,76,74
lp_0400,166,266,101,98,175,83
lp_0402,8,28,11,3,32,29
lp_0403,3,7,15,4,1,8
lp_0404,22,24,29,24,10,60
lp_0405,0,2,4,1,3,7
lp_0406,1,2,1,3,1,3
lp_0409,2,1,23,0,1,22
lp_0410,2,3,30,1,4,35
lp_0411,15,34,60,7,11,111
lp_0412,39,43,81,22,30,87
lp_0413,0,1,4,2,0,5
lp_0415,4,8,9,1,8,10
lp_0416,70,306,628,80,192,829
lp_0417,21,172,231,26,79,275
lp_0418,109,235,369,75,147,565
lp_0419,28,36,82,24,33,84
lp_0421,20,34,19,21,35,32
lp_0422,18,40,22,21,29,18
lp_0423,14,17,39,14,27,42
lp_0424,24,32,49,17,36,68
lp_0426,24,31,12,16,40,43
lp_0428,18,31,20,12,26,20
lp_0429,23,32,35,22,22,30
lp_0430,46,56,199,42,42,193
lp_0431,46,42,211,39,39,195
lp_0432,645,1552,848,467,1175,868
lp_0433,50,136,92,26,222,110
lp_0434,462,342,167,364,360,198
lp_0435,18,84,87,24,90,76
lp_0436,43,119,178,38,76,134
lp_0438,7,24,68,4,11,28
lp_0439,15,21,24,9,1,31
lp_0440,30,17,45,24,25,13
lp_0441,40,25,6,26,24,21
lp_0442,126,171,216,65,146,256
lp_0443,449,525,455,415,391,628
lp_0444,56,71,150,58,58,184
lp_0445,145,110,154,136,125,203
lp_0446,249,295,367,202,276,389
lp_0447,333,575,684,315,541,687
lp_0448,301,456,600,275,478,682
lp_0449,256,447,489,227,423,585
lp_0450,384,626,831,324,587,972
lp_0452,60,88,67,40,63,89
lp_0454,3564,4131,2676,3102,3680,2825
lp_0455,199,301,101,194,277,175
lp_0456,454,455,399,327,470,510
lp_0457,335,402,254,219,285,294
lp_0458,624,809,333,406,615,368
lp_0459,1114,1609,1063,840,1332,771
lp_0460,290,415,835,232,292,828
lp_0461,269,797,770,179,643,984
lp_0463,185,186,29,131,174,43
lp_0464,246,204,33,193,193,51
lp_0466,388,129,110,249,46,116
lp_0467,1937,1668,614,1731,1643,764
lp_0469,42,37,63,21,27,44
lp_0471,3661,4375,3081,2950,3894,3939
lp_0472,244,342,761,168,239,710
lp_0473,643,828,1845,556,899,1885
lp_0475,436,508,112,333,417,123
lp_0476,656,672,214,431,567,249
lp_0477,300,441,315,215,338,335
lp_0479,120,168,517,110,146,520
lp_0480,1174,1725,3322,892,1309,3545
lp_0481,622,8777,3340,500,5055,3388
lp_0482,257,575,311,195,458,359
lp_0483,0,10,7,0,7,6
lp_0484,12,47,39,15,32,56
lp_0485,7,38,27,9,40,31
lp_0486,28,58,64,17,82,95
lp_0487,28,52,38,12,43,59
lp_0488,50,108,113,64,106,80
lp_0489,25,41,42,12,37,53
lp_0490,15,29,17,10,30,43
lp_0491,36,43,50,33,56,83
lp_0492,80,104,186,72,84,290
lp_0493,95,166,271,91,176,445
lp_0495,200,278,105,181,180,93
lp_0497,2,8,6,2,9,2
lp_0498,2,3,4,3,10,6
lp_0499,2,3,7,3,4,4
lp_0500,9,4,10,8,4,14
lp_0501,29,23,14,13,29,18
lp_0502,111,49,32,100,60,33
lp_0505,75,47,17,45,52,24
lp_0506,105,92,52,71,74,58
lp_0507,149,193,267,107,193,321
lp_0509,60,267,219,31,206,190
lp_0510,1879,2261,749,1434,1733,807
lp_0511,1501,1674,568,1142,1321,636
lp_0512,640,274,244,457,182,200
lp_0513,82,485,273,103,395,334
lp_0514,202,310,213,119,247,267
lp_0515,580,937,626,551,811,751
lp_0516,427,656,351,356,590,427
lp_0517,636,842,1095,459,713,1258
lp_0518,1513,2003,1461,1204,1664,1437
lp_0520,6185,1846,1079,4824,1324,817
lp_0522,194,162,91,129,177,87
lp_0523,610,652,373,449,587,483
lp_0524,650,332,61,449,346,151
lp_0525,449,231,260,359,172,332
lp_0526,24,28,22,12,22,30
lp_0527,4,8,4,2,2,4
lp_0528,14,3,3,3,2,6
lp_0529,13,6,11,12,10,12
lp_0530,13,15,9,6,4,16
lp_0531,24,17,43,19,6,58
lp_0532,17,10,38,31,8,37
lp_0533,316,70,46,225,52,68
lp_0535,122,807,268,82,930,294
lp_0536,321,413,212,309,440,291
lp_0537,2333,6484,10472,2386,6622,12259
lp_0538,132,72,200,105,81,208
lp_0539,1516,1144,1395,1244,861,1445
lp_0540,1789,1148,803,1521,946,819
lp_0541,358,227,159,307,237,158
lp_0542,692,813,2003,590,662,2134
lp_0543,1515,1240,628,1376,1106,888
lp_0545,755,702,487,638,641,588
lp_0546,711,991,828,708,876,999
lp_0547,7931,11491,26185,8278,11546,27665
lp_0548,188,355,619,131,235,659
lp_0549,237,284,508,173,228,481
lp_0550,2512,2940,1425,2373,2515,1794
lp_rRNA01,111,289,69,95,253,235
lp_tRNA02,6,1,1,6,2,1
lp_tRNA03,4,1,0,2,1,1
lp_rRNA02,367,938,231,292,629,584
lp_rRNA03,0,0,0,0,1,0
lp_tRNA04,0,0,0,0,0,0
lp_tRNA05,0,0,0,0,0,0
lp_0551,1620,904,134,1262,562,126
lp_0552,154,162,80,129,182,137
lp_tRNA06,8,7,2,9,7,7
lp_tRNA07,4,2,1,2,1,4
lp_0554,88,75,156,50,75,177
lp_0555,81,97,188,69,109,207
lp_0556,68,139,221,73,120,253
lp_0557,212,249,462,159,228,476
lp_0558,49,43,35,35,46,42
lp_0559,1582,2631,621,1117,2180,848
lp_0561,268,457,257,179,498,233
lp_0562,928,1854,2259,789,2007,2298
lp_0563,715,1283,1357,523,1348,1524
lp_0564,558,629,576,428,576,754
lp_0565,828,1519,563,714,1305,647
lp_0566,732,1504,649,650,1249,720
lp_0567,1194,546,889,969,585,1103
lp_0568,839,366,336,721,354,370
lp_0569,631,687,811,541,697,831
lp_0570,86,110,101,77,106,95
lp_0571,894,1162,562,761,1114,627
lp_0572,620,704,237,409,649,285
lp_tRNA08,4,6,3,4,3,5
lp_0574,2,32,336,13,37,257
lp_0575,2665,1734,12379,1493,1645,3852
lp_0576,2603,1498,10358,1292,1051,3023
lp_0577,2483,1369,10594,1259,933,3051
lp_0578,617,484,585,442,376,649
lp_0579,25,22,20,24,32,35
lp_0580,87,90,49,61,96,67
lp_0581,184,215,174,161,162,291
lp_0582,107,124,154,96,115,190
lp_0583,392,743,447,384,601,623
lp_0584,114,380,68,107,388,84
lp_0585,526,896,1001,413,900,1472
lp_0586,206,395,552,210,340,412
lp_0587,191,380,750,222,416,543
lp_0588,661,425,626,537,436,706
lp_0589,362,239,298,302,248,330
lp_0590,943,716,937,902,702,900
lp_0591,712,533,566,630,537,667
lp_0592,638,463,515,581,552,498
lp_0593,2904,906,503,2213,921,580
lp_0594,183,256,13,160,168,17
lp_0595,580,984,136,438,723,106
lp_0597,77,156,38,48,124,56
lp_0600,238,243,433,178,155,376
lp_0601,2353,7804,3801,1958,9334,4599
lp_0602,547,856,598,438,766,749
lp_0603,216,267,226,145,248,206
lp_0604,142,174,144,103,139,222
lp_0606,1454,832,677,1217,835,763
lp_0607,1039,600,426,970,653,369
lp_0609,3854,4859,3376,3232,4782,3457
lp_0610,859,764,1788,709,711,2232
lp_0611,243,258,484,192,232,504
lp_0612,471,441,711,353,411,818
lp_0613,363,363,410,261,326,566
lp_0614,411,351,412,304,276,422
lp_0615,227,221,243,186,166,171
lp_0616,217,222,214,195,172,169
lp_0617,361,195,234,330,140,298
lp_0618,610,292,353,492,178,356
lp_0619,12232,1979,1373,10668,2038,1166
lp_0620,20101,3360,2051,18107,3355,1898
lp_0621,9874,1886,2127,8428,1914,2488
lp_0622,5563,1234,1303,4712,1140,1470
lp_0624,54,137,54,30,153,63
lp_tRNA09,0,4,1,1,3,3
lp_0625,625,1348,314,442,1303,345
lp_0627,49,58,20,13,65,25
lp_tRNA10,21,45,11,13,38,14
lp_0628,1830,2717,478,1083,2192,458
lp_0629,636,763,96,396,726,139
lp_0630,228,210,57,159,218,80
lp_0631,215,233,63,126,155,51
lp_0632,9,14,3,7,13,21
lp_0633,194,486,272,154,358,320
lp_0634,153,287,190,120,225,201
lp_0635,11,20,15,9,19,15
lp_0636,2,14,16,4,9,13
lp_0637,5,17,48,2,17,45
lp_0638,2,12,15,2,1,19
lp_0639,1,7,7,1,1,12
lp_0640,2,14,20,2,9,21
lp_0641,4,47,43,1,24,54
lp_0642,1,39,31,2,11,60
lp_0643,1,4,10,0,16,11
lp_0644,2,2,4,3,3,3
lp_0645,3,23,20,2,20,43
lp_0646,1,20,17,1,10,27
lp_0647,5,17,6,1,10,13
lp_0648,3,4,7,2,3,8
lp_0649,1,2,5,0,5,4
lp_0650,3,17,14,2,10,14
lp_0651,0,4,5,1,5,4
lp_0652,3,5,11,1,3,7
lp_0653,5,14,19,4,9,22
lp_0654,9,22,33,8,23,55
lp_0655,6,8,11,3,9,20
lp_0656,13,47,14,18,32,17
lp_tRNA11,1,4,1,1,0,1
lp_0658,182,287,32,141,286,44
lp_0659,1,4,3,0,6,4
lp_0660,3,28,14,5,32,19
lp_0661,12,50,65,12,49,64
lp_0662,26,86,62,28,65,76
lp_0663,29,45,36,11,33,39
lp_0664,5,40,16,3,61,56
lp_0665,11,102,64,6,91,113
lp_0666,2,37,27,3,22,28
lp_0667,2,21,19,1,21,21
lp_0668,1,29,23,2,33,38
lp_0669,1,23,17,2,26,26
lp_0670,5,48,40,5,38,69
lp_0671,10,52,29,1,62,64
lp_0672,4,22,20,4,21,25
lp_0673,58,321,239,28,247,305
lp_0674,15,66,77,15,71,95
lp_0675,34,177,194,25,124,250
lp_0676,18,110,103,17,74,110
lp_0677,10,45,53,12,47,64
lp_0678,16,65,63,9,33,68
lp_0679,6,13,13,6,10,23
lp_0680,0,5,4,7,3,9
lp_0681,29,59,46,22,48,55
lp_0682,6,24,16,10,18,20
lp_0683,29,24,16,23,16,30
lp_0684,69,163,148,63,179,130
lp_0686,46,80,53,70,81,54
lp_0687,370,537,361,310,506,486
lp_0688,115,126,41,94,190,72
lp_0689,34,68,22,23,96,16
lp_0690,1480,1817,507,1357,2183,621
lp_0691,376,459,385,441,561,466
lp_0692,2938,2202,1048,3261,2149,1465
lp_0693,2854,1958,1711,3217,1284,1959
lp_0694,522,701,667,447,322,584
lp_0695,287,294,90,240,279,130
lp_0696,332,305,154,315,360,194
lp_RNA01,57,44,57,49,49,75
lp_0698,1694,1155,2107,1440,904,2328
lp_0699,419,278,392,364,224,422
lp_0700,969,554,1071,897,522,1026
lp_0701,342,202,338,292,154,338
lp_0703,311,356,481,253,369,484
lp_0704,219,226,238,162,224,298
lp_0705,576,625,612,510,548,731
lp_0706,198,256,215,133,234,248
lp_0707,242,425,143,182,435,195
lp_0708,294,544,177,248,494,193
lp_0709,1183,1717,527,1059,1860,722
lp_0710,29,17,17,13,21,15
lp_0711,28,9,22,8,16,12
lp_0712,12,9,15,16,14,9
lp_0713,22,20,21,22,16,37
lp_0714,48,36,65,29,27,54
lp_0715,144,115,95,115,116,146
lp_0717,401,421,325,297,381,365
lp_0718,287,335,221,248,269,200
lp_0720,255,237,158,184,245,158
lp_0721,648,631,347,591,546,346
lp_0723,609,258,1134,403,248,1118
lp_0725,509,596,1688,409,571,1474
lp_0726,159,107,217,127,121,268
lp_0727,280,1642,8391,328,1704,6390
lp_0728,3101,13859,66365,3726,15280,56652
lp_0729,1947,1550,1101,1358,1029,886
lp_0730,788,467,769,681,436,880
lp_0733,13,77,943,8,60,1228
lp_0734,114,165,99,81,136,92
lp_0735,51,45,58,37,45,56
lp_0736,3,16,25,7,5,14
lp_0737,3426,10026,14613,3553,9573,14480
lp_0739,3874,2930,1114,3543,2897,1014
lp_0740,23,16,5,27,17,7
lp_0741,816,503,162,711,436,165
lp_0742,881,1239,316,708,1289,477
lp_0743,500,779,309,480,808,411
lp_0744,1315,1831,802,1196,1882,986
lp_0746,14,87,1550,10,39,1303
lp_0747,54,174,2160,18,134,1856
lp_0748,50,195,1863,34,118,1853
lp_0749,36,253,1428,26,151,1464
lp_0750,111,360,1583,103,261,1518
lp_0751,352,583,1475,287,438,1651
lp_0752,141,178,306,218,193,394
lp_0753,296,352,521,310,314,590
lp_0754,427,696,490,386,616,513
lp_0755,1014,1542,747,1011,1497,842
lp_0756,1181,1997,967,1173,1945,1054
lp_0757,2193,3958,3103,2282,4258,3234
lp_0758,238,375,253,207,349,256
lp_0760,91,114,229,72,108,180
lp_0761,1261,1276,4259,1204,1536,3834
lp_0762,91,189,109,79,170,141
lp_0763,50,103,101,57,86,120
lp_0764,4558,5235,4704,3966,4831,4510
lp_0765,129,240,161,113,185,205
lp_0766,151,162,67,157,141,77
lp_0769,63,134,443,86,122,488
lp_0770,97,78,395,107,53,278
lp_0771,148,301,284,154,287,399
lp_0772,593,677,1400,498,602,1287
lp_0773,1517,2131,2196,1375,1790,1973
lp_0774,631,1556,1369,628,1682,1326
lp_0775,121,203,136,97,174,157
lp_0776,125,203,172,123,242,201
lp_0778,262,458,319,327,484,282
lp_0779,549,1308,4733,477,1414,4316
lp_0780,1014,2535,5954,888,2811,5402
lp_0781,1150,2491,4869,955,2711,4063
lp_0783,2780,1555,368,3611,2778,635
lp_0785,178,402,317,184,357,409
lp_0786,1597,2219,8315,1881,2787,7176
lp_tRNA12,2,0,0,5,3,1
lp_0787,182,80,226,157,59,317
lp_0788,11666,4738,2884,10241,5070,3488
lp_0789,68514,52495,35603,66631,60713,34445
lp_0790,21894,18327,14138,22084,23136,13671
lp_0791,14263,11943,9763,14981,15266,8882
lp_0792,29786,24720,18658,30549,31490,17433
lp_0792a,63,38,13,67,50,13
lp_0793,224,159,62,266,158,72
lp_0794,711,406,115,586,382,104
lp_0795,1088,1171,748,870,1055,704
lp_0796,774,1393,627,668,1521,535
lp_0797,4574,8080,2790,4153,7762,2452
lp_0799,991,1652,707,926,1569,542
lp_0800,119,111,447,102,111,363
lp_0802,210,373,444,124,226,426
lp_0803,196,257,342,147,224,375
lp_0804,469,451,469,356,480,502
lp_0805,662,774,825,584,858,934
lp_0806,350,707,780,321,708,809
lp_0807,470,1559,1844,514,1226,1673
lp_0809,87,121,400,53,150,510
lp_0810,67,136,499,52,134,505
lp_0811,300,394,608,300,355,756
lp_0812,354,413,600,270,357,550
lp_0813,142,322,361,163,252,377
lp_0814,866,1088,468,739,921,426
lp_0815,1044,855,304,1064,931,269
lp_0816,219,166,146,143,156,132
lp_0817,482,141,460,354,125,373
lp_0818,754,597,324,617,503,316
lp_0819,851,715,342,685,626,436
lp_0820,2323,1873,930,2075,1703,1044
lp_0822,2210,2750,1118,1822,1202,899
lp_0823,101,239,226,91,219,225
lp_0824,449,767,501,578,704,544
lp_0825,32,77,94,37,87,74
lp_0826,218,366,334,171,438,452
lp_0827,123,227,137,149,221,185
lp_0828,107,89,143,94,77,190
lp_0829,147,128,278,137,116,308
lp_0834,306,328,191,174,238,169
lp_0835,78,51,215,62,34,238
lp_tRNA13,3,5,10,5,0,9
lp_0836,769,545,5533,919,600,6620
lp_0837,256,352,276,206,373,287
lp_0838,941,40,58,931,57,67
lp_0840,33,46,33,33,35,15
lp_0841,280,284,273,301,345,331
lp_0842,615,685,610,601,734,693
lp_0843,256,324,235,299,364,360
lp_0844,98,171,77,79,141,112
lp_0845,2,1,31,0,2,48
lp_0846,12,42,27,14,38,36
lp_0848,164,150,110,128,146,115
lp_0849,34,69,117,34,51,83
lp_0850,6,15,26,10,23,22
lp_0852,221,673,2807,199,754,2324
lp_0853,690,1721,1274,687,1789,1568
lp_0854,720,501,1013,633,568,967
lp_0856,2607,2319,2779,2449,2296,2741
lp_0857,799,1122,757,630,1008,806
lp_0858,85,211,105,60,136,167
lp_0860,31,196,140,55,112,125
lp_0861,404,1808,171,305,2074,178
lp_0862,35,10,18,8,12,16
lp_0863,113,126,196,103,109,213
lp_0864,238,291,220,226,203,253
lp_0865,93,101,293,96,62,224
lp_0866,113,125,49,102,108,72
lp_0868,145,220,135,177,232,151
lp_0869,678,353,755,648,356,871
lp_0871,1113,489,1370,1235,601,1388
lp_0872,312,150,227,248,95,257
lp_0874,93,244,145,64,250,135
lp_0875,32,12,171,40,13,78
lp_0878,524,790,629,332,521,503
lp_0881,442,782,579,332,537,498
lp_0882,336,665,443,265,482,366
lp_0883,268,434,509,251,378,332
lp_0884,10,9,16,11,6,7
lp_0885,16,19,15,22,12,16
lp_0886,51,27,36,32,42,42
lp_0887,24,13,36,27,16,43
lp_0888,229,458,220,159,408,338
lp_0889,73,127,226,57,159,395
lp_0891,235,86,216,167,62,259
lp_0892,45,17,12,19,27,5
lp_0893,130,71,38,71,97,53
lp_0894,169,95,39,79,81,43
lp_0895,62,67,30,52,79,27
lp_0896,1176,1069,817,1180,1148,1051
lp_0897,45,51,62,46,45,88
lp_0898,4,3,1,8,8,0
lp_0899,486,2501,4362,496,1859,4064
lp_0900,405,736,189,354,602,267
lp_0901,313,607,221,265,530,221
lp_0902,411,1548,693,356,1064,772
lp_0903,192,662,408,144,425,478
lp_0904,3,10,13,2,0,14
lp_0905,26,41,26,9,18,44
lp_0906,26,38,30,18,24,30
lp_0907,344,133,480,300,128,498
lp_0910,734,1787,1600,718,1357,1900
lp_0911,74,108,165,84,88,214
lp_0912,12,8,44,8,33,55
lp_0913,337,436,140,234,304,201
lp_0914,5093,6558,4277,4846,5171,4878
lp_0915,4,9,16,7,5,11
lp_0917,0,4,13,1,2,8
lp_0918,373,383,255,246,238,271
lp_0919,157,166,176,135,130,142
lp_0921,45,102,77,58,63,89
lp_0922,225,295,307,242,232,343
lp_0923,232,198,435,231,201,398
lp_0924,18,20,8,23,32,22
lp_0925,198,213,82,177,277,107
lp_0926,325,1488,4182,347,1690,3633
lp_0927,887,4569,13772,858,5118,12651
lp_0928,210,1177,4014,226,1316,3522
lp_0929,502,3027,10776,500,3267,9962
lp_0930,325,2676,9488,338,2761,8687
lp_0931,133,277,241,144,294,247
lp_0932,86,181,83,100,188,147
lp_0934,31,32,43,23,14,39
lp_0935,36,24,62,28,11,44
lp_0937,1211,3542,1469,1104,4182,1570
lp_0938,718,823,441,616,762,521
lp_0939,578,581,300,478,492,270
lp_0940,236,341,155,320,276,117
lp_0941,10,23,14,9,17,24
lp_0942,0,4,1,0,0,0
lp_0943,0,1,0,1,2,2
lp_0945,13,9,20,9,6,14
lp_0946,32,76,70,20,64,120
lp_0947,1,2,6,0,1,5
lp_0948,17,38,24,14,29,49
lp_0949,42,129,73,38,85,91
lp_0950,36,82,70,40,104,83
lp_0951,54,38,87,26,35,106
lp_0952,18,60,358,14,40,285
lp_0954,138,50,155,108,37,178
lp_0955,98,16,73,77,18,66
lp_0956,176,972,239,138,822,174
lp_0957,143,799,103,132,540,118
lp_0959,1245,1582,1757,1069,1556,1841
lp_0960,50,201,147,55,179,166
lp_0960a,8,25,30,10,12,20
lp_0961,41,17,11,44,33,8
lp_0962,334,362,152,253,368,241
lp_0963,201,156,94,162,220,114
lp_0965,96,64,104,112,99,130
lp_0966,27,46,26,38,47,20
lp_0967,152,218,289,139,140,353
lp_0968,931,327,350,983,348,362
lp_0969,664,195,160,722,170,121
lp_0970,609,384,319,567,451,390
lp_0971,232,325,310,194,347,361
lp_0972,68,274,173,67,225,200
lp_0973,12,4,8,10,1,3
lp_0975,19,5,15,13,7,13
lp_0977,1070,2133,768,916,1782,933
lp_0979,3735,3762,2488,3456,3209,2165
lp_0980,6806,7646,4677,6637,6633,4462
lp_0981,40,123,35,37,86,21
lp_0982,86,217,49,57,120,62
lp_0984,167,220,49,158,83,66
lp_0988,41,56,27,38,44,41
lp_0989,5,5,9,4,8,18
lp_0990,103,23,21,85,36,41
lp_0991,212,66,60,182,74,55
lp_0992,24,67,87,16,64,57
lp_0995,174,428,581,145,314,419
lp_0996,499,666,502,432,500,561
lp_0997,6258,4920,986,5809,4626,1036
lp_0998,108,211,149,83,165,183
lp_0999,80,102,96,67,135,117
lp_1000,1828,1342,504,1851,1430,559
lp_1001,269,155,60,252,103,74
lp_1002,313,709,1113,283,577,863
lp_1003,73,89,46,68,79,47
lp_1004,58,94,60,69,71,48
lp_1005,1260,2657,1547,1188,2116,1368
lp_1008,407,175,122,344,132,132
lp_1010,930,279,90,1039,316,193
lp_1011,176,124,476,136,80,348
lp_1012,1583,1440,313,1452,1785,345
lp_tRNA14,27,15,17,23,11,20
lp_tRNA15,11,3,9,10,4,5
lp_tRNA16,4,0,2,5,2,6
lp_tRNA17,2,2,3,3,4,5
lp_tRNA18,3,1,1,1,3,1
lp_tRNA19,3,1,1,1,0,0
lp_tRNA20,1,0,0,0,0,0
lp_1018,385,444,1947,442,501,1828
lp_1019,2329,3583,14445,2923,4036,14901
lp_1020,195,217,276,169,195,266
lp_1021,12674,16215,17810,11990,13433,16444
lp_1022,18071,17943,25991,19066,15748,22347
lp_1023,40,38,64,29,20,56
lp_1025,5141,1806,881,4658,1331,628
lp_1026,7109,2644,1367,6414,1992,990
lp_1027,24581,8909,6769,23213,7717,5069
lp_1032,5320,654,374,4444,378,307
lp_1033,9806,1238,708,8162,858,726
lp_1034,9918,1113,601,7925,724,631
lp_1035,4387,477,282,3611,306,272
lp_1036,13544,1443,827,11371,928,841
lp_1038,4231,415,248,3545,331,258
lp_1039,5243,526,331,4601,405,297
lp_1040,10052,920,560,8444,662,630
lp_1041,5524,431,319,4476,368,374
lp_1043,2992,256,186,2688,194,209
lp_1044,4360,332,258,3893,290,274
lp_1045,5372,349,291,4745,304,326
lp_1046,5148,323,296,4429,291,315
lp_1047,9422,665,610,8668,638,605
lp_1048,4054,259,224,3415,239,270
lp_1050,5025,320,312,4128,291,315
lp_1051,7394,387,434,6765,486,467
lp_1052,3994,270,307,3547,262,265
lp_1053,5765,431,405,5294,497,505
lp_1054,2035,125,158,1859,148,140
lp_1055,5393,370,376,5006,380,383
lp_1056,15140,1074,1154,14417,1234,1266
lp_1058,4376,276,210,4206,359,349
lp_1059,2089,922,273,1955,839,252
lp_1059a,1289,580,196,1213,531,157
lp_1060,3709,1717,528,3335,1533,523
lp_1061,3858,1683,577,3337,1656,535
lp_1062,10197,3689,1574,9244,3638,1595
lp_1063,3712,1221,534,3263,1174,615
lp_1064,105,82,86,92,61,86
lp_1066,253,148,93,247,89,81
lp_1067,136,81,61,115,60,35
lp_1068,117,58,48,121,55,29
lp_1069,640,1175,3228,618,774,2127
lp_1070,290,434,1382,308,357,934
lp_1072,161,211,265,150,149,286
lp_1073,236,289,286,214,219,419
lp_1074,397,373,363,373,326,405
lp_1075,379,289,261,425,220,265
lp_1076,154,178,140,124,118,188
lp_1077,5274,2231,886,5335,1715,1156
lp_1078,4373,1973,861,4271,1479,907
lp_1079,766,999,998,679,990,878
lp_1081,0,3,5,2,3,3
lp_1082,10,63,27,4,62,30
lp_1083,16,22,30,15,41,22
lp_1084,13,12,17,5,13,8
lp_1085,28,26,34,14,32,27
lp_1086,63,52,43,33,42,35
lp_1087,30,14,10,22,34,28
lp_1088,10,4,7,5,6,3
lp_1089,10,7,8,3,4,20
lp_1090,3,6,16,7,8,16
lp_1092,25,25,10,29,15,12
lp_1093,3,14,7,21,15,7
lp_1095,143,93,8,146,130,10
lp_1096,128,43,19,176,73,15
lp_1097,101,47,13,136,68,17
lp_1098,45,85,72,57,87,58
lp_1101,59,92,631,47,142,695
lp_1102,52,185,587,37,176,717
lp_1103,43,111,378,46,99,473
lp_1105,35,173,959,66,214,1093
lp_1106,46,177,678,56,152,870
lp_1107,33,102,218,26,69,301
lp_1108,116,398,887,94,349,1038
lp_1109,229,843,1381,201,710,1792
lp_1112,88,82,636,83,76,498
lp_1113,133,131,129,168,145,224
lp_1114,42,69,56,72,67,64
lp_1115,82,95,102,89,117,153
lp_1116,34,37,20,27,35,23
lp_1118,28,24,23,35,16,47
lp_1119,18,11,22,14,16,22
lp_1120,192,161,59,117,142,84
lp_1121,62,97,86,75,100,133
lp_1123,18,47,57,9,37,57
lp_1124,37,31,64,20,27,62
lp_1125,361,739,1603,265,612,1482
lp_1126,389,798,1761,330,549,1571
lp_1128,285,252,251,216,284,204
lp_1129,380,346,285,287,351,276
lp_1134,193,264,125,212,221,201
lp_1135,328,440,240,331,378,310
lp_1136,388,1641,1618,370,1216,1465
lp_1138,177,67,77,151,63,65
lp_1139,468,509,254,421,398,319
lp_1140,377,471,277,406,347,310
lp_1141,1327,1371,963,1347,1157,1092
lp_1144,1278,1008,1000,1238,765,898
lp_1145,1894,1308,1137,1682,982,1051
lp_1146,2144,1233,1019,1694,1062,1107
lp_1147,646,362,275,579,296,286
lp_1148,3361,1768,1461,3256,1678,1500
lp_1149,3367,1646,1406,3299,1474,1364
lp_1150,2379,901,780,2083,842,735
lp_1151,860,783,144,771,563,151
lp_1153,1252,2806,2970,1027,2932,4078
lp_1154,402,782,804,564,875,1085
lp_1155,201,228,438,163,149,436
lp_1156,113,177,270,123,137,304
lp_1157,365,479,521,362,446,450
lp_1158,291,462,364,314,409,348
lp_1159,179,262,306,155,216,444
lp_1160,6949,7268,914,6181,5500,925
lp_1161,307,464,593,360,452,670
lp_1162,352,553,571,399,560,642
lp_tRNA21,3,11,8,2,7,6
lp_1163,91,173,1493,75,179,2070
lp_1164,121,216,108,114,177,105
lp_1165,122,223,111,92,160,100
lp_1165a,23,49,37,30,19,45
lp_1166,352,500,139,381,580,169
lp_1168,42,187,997,49,129,886
lp_1169,459,716,511,387,600,595
lp_1171,17,40,84,5,10,69
lp_1173,774,294,102,862,316,108
lp_1174,123,118,220,156,115,204
lp_1175,242,107,53,165,38,42
lp_1176,422,575,292,300,362,266
lp_1177,327,701,250,329,456,194
lp_1178,535,904,244,433,574,298
lp_1179,726,923,270,530,546,242
lp_1180,544,590,206,467,413,217
lp_1181,671,508,180,576,314,217
lp_1182,491,346,118,398,247,176
lp_1183,793,366,190,631,301,214
lp_1184,671,406,166,565,288,172
lp_1185,974,438,230,796,390,266
lp_1186,959,545,204,697,470,239
lp_1187,793,460,212,717,311,209
lp_1188,536,235,115,444,215,130
lp_1189,1260,544,296,1007,486,260
lp_1190,401,225,131,333,240,139
lp_1191,20,6,3,7,2,3
lp_1192,40,17,2,19,9,6
lp_1193,20,7,2,14,4,5
lp_1194,7,10,6,32,7,7
lp_1195,13,8,2,13,4,3
lp_1196,25,15,26,25,9,21
lp_1197,2,3,3,42,41,35
lp_1198,2,3,3,37,73,58
lp_1199,0,0,1,33,40,79
lp_1200,4,14,13,37,74,63
lp_1201,9,18,12,20,56,42
lp_1202,16,39,34,57,67,46
lp_1203,12,43,26,53,75,61
lp_1204,23,66,46,68,80,71
lp_1205,43,91,42,57,50,64
lp_1206,56,149,158,73,74,149
lp_1207,13,49,40,9,24,51
lp_1210,81,73,78,93,59,106
lp_1211,118,93,89,85,54,152
lp_1213,6,31,11,9,10,11
lp_1214,1,5,2,4,2,2
lp_1215,19,55,11,18,77,22
lp_1216,60,45,22,57,115,37
lp_1219,334,756,254,339,935,493
lp_1220,299,734,228,291,754,481
lp_1221,82,156,72,86,219,125
lp_1225,205,309,74,217,404,170
lp_1226,143,199,26,140,202,61
lp_1227,53,54,21,71,75,30
lp_1228,52,52,55,70,90,73
lp_1229,861,419,636,646,365,615
lp_1230,98,51,37,53,27,42
lp_1231,131,199,55,146,173,95
lp_1233,166,231,189,132,179,231
lp_1234,104,89,60,94,109,71
lp_1235,1,5,2,8,3,6
lp_1236,4,11,2,4,3,1
lp_1237,8,7,9,4,4,7
lp_1238,14,10,6,8,16,9
lp_1239,73,40,48,100,55,42
lp_1240,177,182,263,193,163,353
lp_1241,749,823,796,776,737,898
lp_1242,180,195,69,179,151,74
lp_1243,106,127,360,117,81,384
lp_1244,477,501,523,504,386,710
lp_1245,212,1182,351,147,1151,382
lp_1247,641,605,355,581,436,417
lp_1248,302,268,188,249,205,217
lp_1249,124,363,153,126,332,179
lp_1250,151,553,223,117,584,261
lp_1251,54,305,94,48,319,109
lp_1253,884,2742,4143,1043,4142,6055
lp_1255,924,995,180,684,628,137
lp_1256,47,35,109,41,20,101
lp_1257,287,324,490,224,214,640
lp_1258,173,136,69,179,141,99
lp_1259,169,160,133,189,152,170
lp_1260,106,110,124,114,117,165
lp_1261,89,6628,848,91,9402,754
lp_1262,121,856,84,76,1021,111
lp_1263,163,1029,103,108,1132,120
lp_1264,177,853,108,90,922,111
lp_1265,142,580,127,115,737,138
lp_1267,422,1008,193,550,692,213
lp_1268,29,12,13,26,7,6
lp_1269,4033,8749,57911,5017,9265,52676
lp_1273,3406,5837,6948,3096,4139,6044
lp_1274,20634,35132,41969,18491,25262,38649
lp_1275,1114,808,421,1154,726,589
lp_1276,1164,851,219,1275,658,239
lp_1277,1530,1089,172,1575,790,258
lp_1278,289,231,34,258,208,45
lp_1280,667,1486,742,492,1227,859
lp_1281,369,625,563,324,425,567
lp_1283,4584,1276,1622,4620,1110,1604
lp_rRNA04,117,284,73,98,263,240
lp_tRNA22,6,1,1,5,2,1
lp_tRNA23,4,1,0,1,1,0
lp_rRNA05,363,913,237,283,618,560
lp_rRNA06,0,0,0,0,1,0
lp_tRNA24,0,0,0,0,0,0
lp_tRNA25,0,0,0,1,0,0
lp_tRNA26,1,0,0,1,0,0
lp_tRNA27,1,1,0,1,1,0
lp_tRNA28,35,6,3,26,7,1
lp_tRNA29,55,10,2,38,17,2
lp_tRNA30,37,8,0,21,9,0
lp_tRNA31,26,7,0,14,7,0
lp_tRNA32,77,19,2,46,19,3
lp_tRNA33,62,15,2,23,14,3
lp_tRNA34,77,15,3,37,10,5
lp_1288,105,81,86,91,61,85
lp_1289,9,11,9,8,9,7
lp_1290,15,10,8,8,21,6
lp_1291,128,202,210,99,188,267
lp_1292,443,308,164,397,210,188
lp_1293,121,110,157,98,103,167
lp_1295,88,207,139,70,146,159
lp_1296,62,104,70,63,93,135
lp_1297,41,47,4,28,24,7
lp_1298,25,151,11,32,149,13
lp_1299,60,75,130,63,96,134
lp_1300,221,138,44,208,113,65
lp_1301,2291,934,771,2026,716,723
lp_1302,28,21,9,33,10,6
lp_1303a,4,3,11,4,2,10
lp_1310,188,135,262,172,155,279
lp_1311,267,354,261,201,286,350
lp_1312,218,383,249,244,258,227
lp_1313,26,52,45,26,41,29
lp_1314,314,311,284,234,192,276
lp_1315,133,117,202,72,106,176
lp_1316,3157,2380,265,2608,2232,470
lp_1317,786,486,274,612,394,318
lp_1319,471,259,134,402,227,137
lp_1320,100,145,202,65,140,190
lp_1321,1321,2492,3532,1369,2307,3805
lp_1322,566,905,1646,563,987,1635
lp_1324,4,14,16,4,3,30
lp_1325,8,11,10,5,13,24
lp_1326,4,9,3,4,2,4
lp_1327,13,26,10,36,15,25
lp_1328,136,368,79,123,223,125
lp_1329,1304,1670,1325,1143,1229,1377
lp_1330,187,597,520,242,424,495
lp_1332,35,31,19,24,21,29
lp_1333,10,11,4,8,3,4
lp_1334,33,33,27,43,23,27
lp_1335,35,41,26,16,20,19
lp_1336,69,48,36,34,39,39
lp_1339,43,122,206,38,116,258
lp_1341,17,13,4,3,10,22
lp_1342,36,13,33,30,17,34
lp_1343,53,36,41,43,19,32
lp_1346,32,131,409,14,90,377
lp_1347,8,32,99,2,17,57
lp_1348,2,8,38,2,5,28
lp_1350,37,63,203,20,37,189
lp_1351,26,71,181,20,40,135
lp_1352,40,53,198,55,61,123
lp_1353,52,111,52,46,69,36
lp_1354,322,527,821,274,366,851
lp_1354a,12,9,16,14,13,11
lp_1355,248,157,228,271,130,253
lp_1356,315,201,305,338,146,337
lp_1357,644,510,63,500,380,88
lp_1358,282,124,50,301,122,56
lp_1359,385,127,89,397,115,105
lp_1360,1191,2222,10363,983,1862,9665
lp_1362,66,445,1492,79,405,1477
lp_1363,151,277,167,134,312,221
lp_1364,440,2635,1594,452,2140,1910
lp_tRNA35,1,1,0,0,0,1
lp_tRNA36,1,1,0,0,1,0
lp_1369,171,235,135,190,204,173
lp_1370,56,74,35,60,52,58
lp_1371,548,624,340,521,451,399
lp_1372,287,211,129,206,136,130
lp_1373,137,131,123,137,97,114
lp_1374,32,107,78,23,91,90
lp_1375,39,110,82,29,160,94
lp_1377,15,14,16,9,2,16
lp_1378,13,16,22,16,9,20
lp_1379,23,27,11,9,16,18
lp_1380,6,16,8,3,17,12
lp_1381,27,32,44,28,9,44
lp_1385,16,12,6,10,12,26
lp_1386,15,25,27,11,6,40
lp_1388,240,144,44,248,76,76
lp_tRNA37,5,2,2,4,1,1
lp_tRNA38,5,2,0,0,0,3
lp_1390,19,13,11,12,3,13
lp_1391,993,838,862,800,757,952
lp_1392,19,42,30,15,34,67
lp_1393,15,39,21,14,31,28
lp_1396,10,22,66,8,52,74
lp_1397,4,12,34,5,19,40
lp_1398,1,0,0,0,0,0
lp_1399,5,5,3,0,0,0
lp_1400,26,19,15,10,19,23
lp_1401,36,42,36,49,29,33
lp_1402,35,39,36,26,41,10
lp_1403,19,52,21,35,62,21
lp_1406,277,303,328,280,287,330
lp_1407,290,302,476,249,193,666
lp_1409,3,9,13,5,3,23
lp_1410,124,78,47,95,61,67
lp_1411,77,31,20,61,45,39
lp_1412,23,12,10,12,9,13
lp_1413,1327,430,383,1368,408,487
lp_1415,650,899,529,599,724,624
lp_1416,345,155,55,263,97,91
lp_1417,1019,427,189,800,362,246
lp_1418,562,460,604,473,421,511
lp_1419,3,11,32,4,4,31
lp_1420,18,23,55,6,26,39
lp_1422,93,127,109,68,116,92
lp_1424,7,12,5,7,8,9
lp_1425,53,76,106,57,77,140
lp_1426,94,205,137,73,162,118
lp_1427,51,59,10,53,43,28
lp_1430,85,121,118,52,106,182
lp_1431,216,240,236,149,210,322
lp_1433,53,62,86,35,45,58
lp_1435,596,206,216,530,195,287
lp_1436,1015,1492,839,826,1103,1176
lp_1437,4369,6808,4873,3309,5167,5930
lp_1438,1700,2437,2000,1134,2012,2217
lp_1439,1701,2350,1932,1293,1896,2295
lp_1440,121,78,44,103,61,46
lp_1442,135,72,22,83,43,33
lp_1443,48,98,34,26,77,61
lp_1445,45,34,21,34,21,24
lp_1446,59,187,88,65,105,98
lp_1447,6,17,15,2,8,20
lp_1448,19,33,53,19,19,68
lp_1449,18,19,32,12,7,42
lp_1450,17,32,26,20,27,44
lp_1452,7004,5516,2830,6730,5010,3118
lp_1453,180,434,402,193,374,531
lp_1454,305,672,571,240,536,685
lp_1455,275,176,120,249,207,108
lp_1456,454,331,199,493,274,218
lp_1457,962,924,2595,862,744,3147
lp_1458,105,184,364,118,141,381
lp_1459,171,381,580,166,278,660
lp_1460,282,312,554,231,245,444
lp_1461,1773,1716,1706,1279,1073,1621
lp_1462,1310,1053,553,976,754,523
lp_1463,125,90,97,104,69,92
lp_1465,2,3,3,0,6,5
lp_1466,56,143,94,38,86,90
lp_1467,9,9,7,5,10,11
lp_1468,190,411,399,130,347,406
lp_1469,238,706,577,159,426,681
lp_1470,165,517,477,98,311,440
lp_1471,63,186,125,41,96,170
lp_1472,273,728,619,205,490,628
lp_1473,249,562,409,205,423,424
lp_1475,29,24,22,31,33,16
lp_1476,31,49,23,32,35,12
lp_1477,10,6,1,8,5,7
lp_1478,0,0,3,0,0,3
lp_1479,1,2,2,2,1,3
lp_1480,1,10,15,8,11,25
lp_1481,2,6,9,4,8,10
lp_1482,70,114,258,54,87,338
lp_1483,176,332,803,147,292,967
lp_1484,4,23,18,10,15,22
lp_1485,11,24,15,7,16,22
lp_1486,2,6,10,2,10,1
lp_1487,13,49,14,10,33,29
lp_1488,70,183,53,55,137,46
lp_1489,55,120,70,70,111,76
lp_1490,5,5,5,5,3,4
lp_1491,2,8,7,4,7,9
lp_1492,0,5,10,2,4,0
lp_1493,0,4,7,2,3,5
lp_1494,10,20,21,8,13,14
lp_1495,9,3,6,1,2,10
lp_1496,21,12,34,13,14,22
lp_1497,29,67,115,29,39,122
lp_1498,23,34,70,10,25,45
lp_1499,6,8,24,9,4,14
lp_1500,11,18,31,10,4,26
lp_1502,2,15,16,5,12,9
lp_1503,0,1,11,3,4,5
lp_1505,19,27,50,15,32,44
lp_1506,6,6,25,4,6,17
lp_1507,1060,1219,3071,1167,1305,3485
lp_1508,1054,1842,1122,1003,1799,1415
lp_1509,322,525,331,287,545,414
lp_1510,165,343,140,163,315,241
lp_1511,258,482,304,238,431,438
lp_1512,834,1454,943,616,1197,1288
lp_1513,541,965,694,456,841,937
lp_1514,2589,2950,556,1932,2446,766
lp_1515,2621,517,851,2024,445,721
lp_1516,1394,261,411,1181,271,321
lp_1517,2685,473,743,2105,433,508
lp_1518,2,0,0,0,0,2
lp_1519,62,91,26,38,54,45
lp_1521,146,389,173,52,252,231
lp_1522,49,79,65,32,54,111
lp_1523,5,19,87,14,11,82
lp_1524,23,84,81,34,35,69
lp_1525,12,24,23,9,18,19
lp_1527,324,314,459,302,242,424
lp_1528,951,925,995,694,680,1059
lp_1529,257,300,257,240,206,203
lp_1530,585,572,472,414,377,411
lp_1531,621,610,403,434,439,405
lp_1532,293,318,160,187,205,187
lp_1533,249,281,255,208,183,225
lp_1534,408,387,326,316,253,301
lp_1535,1694,920,637,1471,812,713
lp_1535a,1721,620,336,1321,640,345
lp_1537,105,81,88,92,61,86
lp_1539,88,157,129,101,145,219
lp_1540,184,218,229,148,188,317
lp_1541,2655,4678,2838,2919,4260,3651
lp_1543,88,458,1026,80,420,1054
lp_1544,1234,1367,1439,917,1180,1406
lp_1545,1120,1041,604,810,759,746
lp_1546,70,88,46,37,73,28
lp_1548,191,366,146,174,316,271
lp_1549,86,114,84,61,82,128
lp_1552,11,23,226,13,12,234
lp_1553,1375,1449,902,1148,1120,1085
lp_1554,115,170,200,89,121,215
lp_1555,331,370,190,292,279,201
lp_1556,1288,1851,5683,1189,1837,5469
lp_1557,959,1705,4886,980,1701,5452
lp_1558,764,458,343,622,381,327
lp_1559,2292,1402,1070,1776,1238,1018
lp_1561,2308,1913,1172,2049,1428,1409
lp_1562,1269,1160,664,1193,817,719
lp_1563,1126,1141,742,1024,850,854
lp_1564,118,144,62,79,156,80
lp_1565,96,81,36,35,63,69
lp_1566,17,82,97,12,56,74
lp_1567,1219,841,234,1130,743,334
lp_1568,3061,2092,1485,2900,1911,1595
lp_1569,342,264,164,184,238,158
lp_1570,201,233,240,192,214,355
lp_1571,214,300,332,183,200,344
lp_1572,247,270,275,181,205,277
lp_1573,1901,2188,1909,1276,1584,2070
lp_1574,95,192,98,50,125,92
lp_1576,140,384,432,116,274,540
lp_1577,169,315,152,140,330,219
lp_1578,62,255,60,33,203,87
lp_1579,66,354,93,51,262,140
lp_1580,185,607,536,190,389,586
lp_1581,759,2433,2032,725,1518,2203
lp_1583,766,897,560,764,655,680
lp_1584,842,806,543,744,656,660
lp_1585,488,590,342,449,375,386
lp_1586,213,390,300,240,293,284
lp_1587,5,16,11,9,11,19
lp_tRNA39,0,0,0,0,0,0
lp_1590,872,217,63,705,183,76
lp_1591,130,148,55,115,140,59
lp_1592,4067,1936,1195,3309,1432,1209
lp_1593,4615,2285,1375,3884,1635,1400
lp_1594,2871,1285,953,2315,975,909
lp_1595,1497,1958,2166,1060,1520,2366
lp_1596,2067,3473,2031,1668,2668,2516
lp_1597,1995,3498,2169,1584,2597,2704
lp_1598,1541,2744,1701,1200,2151,1968
lp_1599,466,784,570,326,594,700
lp_1600,633,956,534,456,745,633
lp_1601,99,146,60,93,143,93
lp_1602,321,387,144,231,364,190
lp_1603,351,432,131,297,354,192
lp_1604,357,337,302,305,299,371
lp_1605,430,456,196,366,349,276
lp_1607,1122,2654,1370,1153,2306,1683
lp_1608,631,1613,696,630,1206,800
lp_1609,972,2373,1042,914,1912,1214
lp_1610,841,1928,663,800,1405,919
lp_1611,142,196,397,110,152,449
lp_1612,682,949,836,642,741,967
lp_1613,324,584,544,301,446,648
lp_1614,287,650,526,212,529,699
lp_1615,624,1605,795,536,1323,978
lp_1616,383,1104,380,321,810,441
lp_1617,605,1566,439,541,1240,505
lp_1618,443,941,273,345,787,269
lp_1619,1280,2267,651,1011,1677,717
lp_1620,849,1213,228,632,1210,302
lp_1621,618,889,217,549,976,304
lp_1622,774,1137,274,708,997,388
lp_1623,55,26,22,37,30,25
lp_1624,1897,823,366,1437,673,375
lp_1625,808,583,441,709,719,516
lp_1626,5175,3869,2454,4198,4005,2717
lp_1627,1475,2614,2196,1235,2561,2653
lp_1628,1032,2211,1793,929,2043,2151
lp_1629,507,663,843,341,548,731
lp_1631,183,257,156,165,172,137
lp_1632,1100,1394,806,909,1027,682
lp_1633,828,1035,549,637,749,602
lp_1634,194,170,143,177,108,135
lp_1635,1578,1198,670,1386,774,760
lp_1636,2899,588,261,2854,562,298
lp_1637,2285,475,179,2258,422,216
lp_1638,225,76,78,215,60,94
lp_1639,414,132,115,320,111,131
lp_1640,5118,1808,1295,3908,1351,917
lp_1642,79,161,127,70,157,186
lp_1643,68,183,607,47,99,482
lp_1645,2,20,37,4,9,47
lp_1648,74,137,44,81,167,85
lp_1649,226,331,124,199,319,136
lp_1652,7,24,3,5,24,16
lp_1653,2,4,0,0,2,2
lp_1654,9,9,26,0,11,34
lp_1655,11,11,7,1,12,19
lp_1656,4,5,6,5,8,8
lp_1657,6,17,23,10,23,26
lp_1658,5,20,14,8,14,29
lp_1659,73,126,105,39,69,136
lp_1660,169,238,172,88,188,244
lp_1662,4,9,6,9,7,6
lp_1663,32,11,21,5,6,11
lp_1664,24,20,46,18,10,53
lp_1665,24,61,59,16,28,47
lp_1667,20,22,75,14,31,71
lp_1668,204,175,272,162,177,339
lp_1669,240,211,332,208,229,373
lp_1670,14232,7742,2408,13122,19780,2790
lp_1671,30231,14538,5022,24808,38658,6468
lp_1672,6640,3555,1202,5664,8518,1737
lp_1673,21267,9627,4192,16862,26020,5817
lp_1674,15175,6530,3049,12277,18869,4303
lp_1675,23681,9457,5539,18958,29092,8092
lp_1676,8825,3208,1863,7435,10605,2844
lp_1677,7710,2605,1642,6722,8940,2277
lp_1678,21801,6847,5039,18845,23515,7247
lp_1679,11715,3401,2588,10147,11992,3880
lp_1680,10041,2741,2283,8776,10132,3056
lp_1681,10088,2988,2443,8986,10772,2878
lp_1682,7730,2496,1989,7180,9353,2566
lp_1684,1162,105,29,1094,477,46
lp_1685,1323,190,110,1111,396,142
lp_1686,652,97,75,601,280,76
lp_1687,620,73,67,554,181,77
lp_1688,18,9,29,16,8,30
lp_1689,49,17,8,41,22,29
lp_1690,280,1041,850,286,1169,1387
lp_1692,5,24,34,7,22,25
lp_1693,5,5,8,0,0,1
lp_1693a,18,22,23,8,10,28
lp_1694,33,60,41,31,43,30
lp_1695,3,6,2,4,5,5
lp_1696,362,749,844,326,738,807
lp_1697,212,1556,4221,209,1355,5103
lp_1698,41,54,76,53,47,52
lp_1699,155,149,423,135,158,551
lp_1700,176,1049,1595,170,802,1852
lp_1701,148,833,1138,146,619,1332
lp_1702,551,1106,439,410,866,441
lp_1703,151,234,426,130,201,572
lp_1704,241,371,337,192,342,312
lp_1705,139,180,191,113,178,168
lp_1706,314,472,447,274,441,420
lp_1708,518,2702,2965,424,2387,3943
lp_1709,38,117,163,36,101,205
lp_1711,391,637,994,298,462,1172
lp_1712,113,256,44,96,187,74
lp_1713,481,1577,245,356,1403,346
lp_1715,420,233,137,358,202,205
lp_1716,468,379,457,446,215,657
lp_1717,41,32,77,9,41,139
lp_1718,20,34,56,18,21,124
lp_1721,27,71,31,10,54,27
lp_1722,32,166,34,34,131,54
lp_1723,157,164,171,130,156,220
lp_1724,366,413,161,307,289,168
lp_1726,278,350,131,202,202,200
lp_1729,29,263,322,34,168,526
lp_1730,62,259,486,45,117,724
lp_1731,33,123,185,24,45,302
lp_1732,384,196,57,255,130,57
lp_1733,677,486,190,461,304,209
lp_1734,356,265,44,261,120,42
lp_1735,240,170,28,143,113,36
lp_1736,18,26,13,2,17,13
lp_1737,1221,1966,1582,946,1688,1536
lp_1738,589,476,253,500,297,246
lp_1739,2011,1458,853,1722,1254,884
lp_1740,2781,1874,1044,2429,1642,1229
lp_1741,368,142,172,314,120,206
lp_1742,2,1,0,4,0,0
lp_1744,3,42,0,9,41,2
lp_1745,7,29,3,2,24,2
lp_1746,13,54,1,2,76,15
lp_1747,133,867,1316,168,910,1568
lp_1748,30,74,30,39,70,43
lp_1749,12,32,24,14,23,11
lp_1750,9,13,14,1,7,13
lp_1751,2782,3080,718,2743,2771,1270
lp_1752,452,581,112,505,508,218
lp_1753,128,184,170,99,152,228
lp_1754,1712,1891,1099,1623,1690,1325
lp_RNA02,39240,119397,108061,52692,152482,156738
lp_1756,436,380,167,352,265,180
lp_1757,92,92,44,79,61,50
lp_1759,46,20,19,45,16,12
lp_1760,44,91,55,47,83,62
lp_1762,16,17,79,10,20,85
lp_1763,25,58,205,33,36,187
lp_1764,23,67,24,19,62,30
lp_1767,60,116,53,39,68,76
lp_1768,11,52,8,5,43,6
lp_1770,38,280,191,45,238,259
lp_1771,67,290,206,41,273,236
lp_1773,1240,314,57,1128,324,88
lp_1774,51,26,20,40,19,30
lp_1776,518,1300,540,419,1066,722
lp_1777,206,466,146,148,348,218
lp_1778,249,400,128,213,326,182
lp_1779,1118,1821,623,1035,1482,818
lp_1780,46,47,23,33,35,29
lp_1781,273,289,136,204,217,179
lp_1782,107,823,841,74,582,1119
lp_1783,276,2053,1735,168,1347,2604
lp_1784,797,7367,3946,648,4828,5595
lp_1785,45,279,136,29,179,144
lp_1786,113,272,162,70,208,168
lp_1787,126,158,121,77,92,83
lp_1788,57,59,63,25,48,47
lp_1789,120,83,109,43,69,74
lp_1790,52,29,17,36,19,9
lp_1791,31,38,42,24,19,66
lp_1792,23,24,39,13,18,48
lp_1793,642,535,501,564,414,447
lp_1795,123,92,36,142,93,57
lp_1796,1064,880,168,871,579,229
lp_1797,356,262,47,319,159,62
lp_1798,170,328,347,138,278,418
lp_1799,871,925,1120,665,806,1334
lp_1800,593,612,779,451,453,937
lp_1801,229,165,89,198,103,165
lp_1803,89,52,21,64,36,20
lp_1805,79,142,132,58,151,154
lp_1806,54,134,93,47,129,132
lp_1807,114,391,401,110,392,573
lp_1809,80,36,40,35,36,42
lp_1811,258,458,290,214,317,256
lp_1812,127,450,2205,132,351,2351
lp_1813,63,70,79,32,50,93
lp_1814,114,198,129,96,142,201
lp_1815,95,155,141,84,132,185
lp_1816,6,5,20,1,1,10
lp_1817,6,3,27,9,3,29
lp_1818,182,225,78,169,161,127
lp_1819,389,573,186,368,516,329
lp_1820,70,72,27,69,77,55
lp_1821,145,196,88,92,146,101
lp_1822,91,198,250,62,212,236
lp_1823,6,10,8,3,2,9
lp_1824,17,47,53,14,44,119
lp_1825,23,52,52,10,48,61
lp_1833,17,45,35,10,24,53
lp_1834,0,12,11,2,3,10
lp_1835,349,1561,5526,411,1968,7147
lp_1836,373,1225,4458,436,1550,5414
lp_1837,2524,2016,1320,2455,1747,1682
lp_1838,2354,1666,1186,2447,1385,1628
lp_1839,1338,675,312,1190,587,425
lp_1840,980,554,240,870,457,369
lp_1842,337,433,268,245,251,298
lp_1843,1193,732,648,1096,703,727
lp_1845,1754,1105,950,1630,1127,1126
lp_1846,436,324,198,448,263,217
lp_1847,627,405,221,678,384,271
lp_1848,2436,3298,938,2360,3756,1402
lp_1850,1989,2243,956,1747,1876,1141
lp_1852,285,156,74,224,137,77
lp_1853,330,242,74,257,253,101
lp_1854,381,328,150,332,286,164
lp_1856,37,92,26,53,82,60
lp_1857,152,242,128,109,214,137
lp_1858,55,71,31,52,60,41
lp_1859,39,80,145,38,107,174
lp_1860,57,121,172,24,152,224
lp_1863,199,71,32,165,27,27
lp_1864,1717,712,425,1561,667,451
lp_1865,152,97,53,156,66,59
lp_1866,451,268,150,393,217,174
lp_1867,742,480,230,611,269,260
lp_1868,1097,1416,595,1034,1088,704
lp_1869,316,472,281,300,306,282
lp_1870,738,891,667,618,776,614
lp_1871,900,1194,895,767,892,1038
lp_1872,310,734,929,333,576,918
lp_1873,693,1290,1816,602,1072,1751
lp_1874,469,779,1128,395,778,1211
lp_1876,225,413,505,210,331,528
lp_1877,308,235,275,205,198,210
lp_1879,10097,16179,6247,10323,17405,8368
lp_1880,1707,2226,809,1593,2370,931
lp_1881,1700,3888,1281,1435,4031,1672
lp_1882,15144,14276,6780,14196,13763,7085
lp_1883,2630,1248,528,2256,1121,526
lp_1884,2150,1369,666,1834,1190,793
lp_1885,385,255,192,283,191,179
lp_1886,252,175,131,221,112,144
lp_1887,521,1037,905,464,815,824
lp_1888,484,592,397,378,474,492
lp_1889,350,537,385,263,335,426
lp_1890,192,277,150,162,228,173
lp_1891,140,181,85,67,134,98
lp_1892,221,409,98,191,352,148
lp_1893,631,647,205,549,548,247
lp_1894,242,317,104,220,241,155
lp_1897,30063,33334,18961,29855,36963,21345
lp_1898,10852,11944,6246,9168,10766,6531
lp_1899,629,867,2152,614,833,2487
lp_1900,1516,1290,825,1317,1106,848
lp_1903,519,1885,6713,511,1714,5852
lp_1904,708,1827,2504,644,1559,2407
lp_1905,399,859,889,351,743,855
lp_1906,207,296,279,157,314,325
lp_1908,1552,62,59,1305,75,111
lp_1909,80,9,14,79,21,10
lp_1910,74,14,4,75,8,11
lp_1911,230,366,470,172,235,540
lp_1912,23,27,92,16,19,60
lp_1913,39,45,74,14,48,86
lp_1914,42,74,134,23,46,115
lp_1915,54,59,20,33,51,27
lp_1916,133,143,158,85,129,161
lp_1918,38,166,222,53,151,207
lp_1919,22,39,13,18,16,28
lp_1920,2,17,20,9,8,18
lp_1921,451,115,30,293,76,40
lp_1922,110,167,364,71,106,377
lp_1923,205,712,1019,199,705,1338
lp_1925,158,467,545,106,423,886
lp_1926,27,48,38,29,27,79
lp_1927,40,33,55,15,51,73
lp_1928,154,203,551,169,142,676
lp_1929,28,27,314,21,40,399
lp_1930,70,232,213,37,194,338
lp_1931,177,441,414,126,384,487
lp_1932,17,50,52,16,36,69
lp_1933,12,36,38,10,24,74
lp_1934,26,36,57,11,21,66
lp_1935,29,47,35,13,47,41
lp_1936,9,14,11,11,11,10
lp_1937,6,11,5,5,9,3
lp_1938,41,69,103,28,51,110
lp_1939,492,255,283,452,234,350
lp_1940,3,9,14,5,1,23
lp_1941,279,487,686,221,386,670
lp_1942,13,25,32,6,21,33
lp_1943,18,42,49,16,43,63
lp_1944,14,15,32,4,21,41
lp_1945,14,51,63,18,21,88
lp_1946,1,10,9,0,2,18
lp_1947,24,25,0,24,22,9
lp_1948,23,23,1,8,20,4
lp_1949,19,25,1,27,13,2
lp_1952,2,2,3,3,0,0
lp_1953,212,178,18,228,198,24
lp_1954,29,13,11,35,10,7
lp_1955,14,12,9,18,10,6
lp_1956,129,123,54,88,98,44
lp_1957,134,117,34,102,86,54
lp_1958,85,52,35,60,59,41
lp_1959,33,16,15,13,27,16
lp_1962,1351,2447,6764,1186,1995,5730
lp_1963,1105,1418,6432,862,1337,5138
lp_1964,1791,2283,484,1431,2146,645
lp_1965,605,783,119,496,718,137
lp_1966,878,1282,407,799,1126,495
lp_1967,987,1496,508,992,1534,635
lp_1968,407,654,220,377,642,264
lp_1969,370,595,237,304,541,304
lp_1970,853,1175,483,774,1157,613
lp_1972,7302,6880,1788,6728,7107,1966
lp_1973,3193,3292,798,2751,3228,959
lp_1974,193,458,200,194,318,213
lp_1975,36,74,18,26,33,29
lp_1976,298,456,237,238,331,281
lp_1977,315,437,165,254,336,253
lp_1978,212,445,480,146,413,541
lp_1979,22,160,38,25,173,58
lp_1980,2068,1896,932,1667,1888,1041
lp_1981,1353,1192,490,1013,969,503
lp_1982,887,623,500,825,547,675
lp_1983,51,102,79,27,69,120
lp_1985,106,371,193,97,319,195
lp_1986,245,627,466,226,478,579
lp_1987,1279,2666,1885,907,2394,2338
lp_1988,838,775,368,507,718,489
lp_1989,362,361,328,208,294,377
lp_1990,431,477,635,338,465,747
lp_1991,51,64,88,40,45,156
lp_1992,103,147,583,69,84,463
lp_1994,435,177,313,410,235,329
lp_1995,80,60,39,51,56,39
lp_1998,18,55,30,15,42,36
lp_2000,104,245,114,73,150,132
lp_2001,8,13,8,7,11,7
lp_2002,163,290,1865,123,248,2090
lp_2003,279,507,2612,231,358,2760
lp_2004,154,261,1227,146,204,1136
lp_2005,12,17,121,5,20,122
lp_2006,32,45,68,22,33,78
lp_2011,13,15,12,11,8,15
lp_2011a,9,7,5,5,2,7
lp_2013,13,8,12,9,3,9
lp_2013a,6,9,15,13,5,10
lp_2014,8,5,10,14,4,9
lp_2015,1027,1602,1578,853,1368,1610
lp_2016,11771,8313,4299,11117,7063,5700
lp_2017,2477,1894,986,2565,1644,1378
lp_2018,9891,8367,3978,8652,6930,5330
lp_2019,12693,11948,6090,10181,9124,8766
lp_2020,778,788,384,571,547,458
lp_2021,5614,5212,2145,4146,3506,2708
lp_2026,1239,1558,1064,1077,1323,1423
lp_2027,3724,5742,31556,4488,5663,31509
lp_2028,586,1016,7096,694,1049,7288
lp_2029,706,1173,11688,818,1123,11698
lp_2030,273,305,301,230,336,382
lp_2031,353,372,439,275,402,517
lp_2032,165,97,55,148,67,56
lp_2033,2,3,4,1,6,4
lp_2034,6,18,10,10,10,14
lp_2035,19,36,11,4,14,24
lp_2036,9,18,5,2,16,15
lp_2037,18,45,12,12,47,23
lp_2038,12,60,12,6,49,6
lp_2039,438,200,298,356,156,290
lp_2040,3470,1599,2811,2764,1354,3039
lp_2041,315,135,298,245,122,312
lp_2042,302,132,324,202,115,266
lp_2043,801,364,762,681,273,693
lp_2044,167,77,185,159,81,159
lp_2045,1683,1431,943,1436,1056,1154
lp_2048,3005,3303,1336,2715,2793,1603
lp_2049,1143,1257,625,866,1033,616
lp_2050,501,552,270,368,464,343
lp_2051,416,530,294,325,432,445
lp_2052,1527,2009,1785,1130,1609,1987
lp_2053,1918,2382,2078,1541,1901,2252
lp_2054,4735,3500,1901,3924,2426,1742
lp_2055,7777,3692,2381,6220,2646,2301
lp_2056,259,217,200,224,204,244
lp_2057,14534,16998,10075,11772,15249,10111
lp_2058,57,61,34,27,62,40
lp_2059,186,262,131,141,180,164
lp_2060,277,319,366,257,296,409
lp_2061,194,150,185,124,204,192
lp_2062,199,504,548,181,532,549
lp_2063,620,838,1092,515,790,1100
lp_2066,162,241,283,130,162,328
lp_2067,261,538,1520,257,374,1568
lp_2068,100,152,553,70,101,490
lp_2069,9,20,4,13,8,12
lp_2071,503,576,222,349,359,263
lp_2074,26,9,10,19,3,3
lp_2075,56,13,27,50,24,47
lp_2076,68,4,26,34,8,16
lp_2077,157,21,33,228,43,39
lp_2078,44,20,25,40,11,24
lp_tRNA40,0,0,0,0,0,0
lp_2081,9,25,24,10,17,13
lp_2082,77,107,53,48,63,53
lp_2083,317,395,119,288,371,224
lp_2084,11,16,13,6,17,11
lp_2085,132,177,63,122,214,50
lp_2086,832,921,453,790,692,463
lp_2087,1332,1319,589,1038,1034,574
lp_2088,129,156,72,84,97,56
lp_2089,313,289,189,228,206,139
lp_2090,364,388,259,264,316,243
lp_2093,131,280,393,62,156,430
lp_2094,819,1154,982,598,794,847
lp_2095,1274,2306,520,868,1363,543
lp_2096,2252,3562,838,1611,2152,898
lp_2097,5857,7712,2421,4498,5160,2668
lp_2098,20,67,76,12,54,95
lp_2099,71,25,16,55,28,24
lp_2100,24,23,13,25,16,15
lp_2101,40,41,12,46,24,37
lp_2102,33,35,17,39,23,45
lp_2103,43,37,14,39,35,42
lp_2104,23,18,18,22,17,33
lp_2105,25,31,10,26,19,19
lp_2106,23,38,18,29,31,44
lp_2107,50,69,47,58,77,77
lp_2108,61,60,17,39,56,52
lp_2109,662,850,4070,603,719,3872
lp_2110,205,199,141,166,185,240
lp_2111,326,254,166,239,273,215
lp_2112,191,384,252,135,388,322
lp_2113,1191,3465,13437,1406,4241,14542
lp_2114,218,378,385,197,270,407
lp_2115,368,492,819,314,474,871
lp_2116,1764,1828,1812,1776,1688,2224
lp_2118,8868,6903,3194,7892,5390,3366
lp_2119,67444,86899,48804,64327,87881,56396
lp_2121,195,128,25,155,133,76
lp_2122,2485,1717,516,2299,1405,545
lp_2123,706,525,171,664,463,202
lp_2124,11,15,38,7,14,36
lp_2125,2910,1142,717,2403,873,766
lp_2126,943,169,367,545,191,284
lp_2128,326,340,238,232,327,384
lp_2129,603,905,611,457,573,901
lp_2130,157,278,167,118,181,233
lp_2131,43,42,59,31,37,72
lp_2132,490,972,901,359,691,1314
lp_2133,277,558,629,206,385,861
lp_2134,331,534,604,218,480,863
lp_2135,151,255,302,91,200,371
lp_2136,3678,7164,4880,3135,5701,5531
lp_2137,721,1169,1233,609,896,1438
lp_2141,293,83,49,173,46,54
lp_2142,235,111,64,158,60,74
lp_2143,88,52,56,54,49,64
lp_2145,691,764,1353,408,575,1170
lp_2146,9813,5397,1700,7867,3851,1836
lp_2147,195,429,198,153,283,238
lp_2149,71,124,83,54,101,92
lp_2150,87,295,223,58,178,238
lp_2151,167,486,1192,95,245,687
lp_2152,88,442,940,84,275,619
lp_2153,67,415,959,65,257,588
lp_2154,72,489,965,77,324,572
lp_2155,614,1077,605,534,849,497
lp_2156,117,92,64,95,51,99
lp_2157,227,175,60,223,137,49
lp_2158,4806,3201,842,4162,2522,821
lp_2159,624,278,77,503,257,65
lp_2160,428,145,60,328,93,77
lp_2162,1440,7953,1222,866,7565,1268
lp_2164,119,114,96,108,76,111
lp_2166,587,1193,650,465,998,750
lp_2168,637,890,603,436,726,590
lp_2169,134,193,165,111,180,259
lp_2170,67,89,57,50,113,113
lp_2173,23,43,94,14,60,125
lp_2174,13,42,70,8,42,98
lp_2175,6,13,53,9,34,48
lp_2176,95,205,157,87,140,184
lp_2177,244,533,352,193,370,490
lp_2178,1816,1953,2399,1668,2163,2168
lp_2179,310,464,485,336,398,436
lp_2180,1062,1527,1470,922,1221,1337
lp_2181,595,844,804,524,668,857
lp_2182,153,171,226,123,154,233
lp_2183,382,398,573,298,349,604
lp_2185,1199,2055,3239,1072,1770,3956
lp_2187,7520,3927,1551,5738,3415,1753
lp_2189,2446,1959,833,2069,1717,1012
lp_2190,2522,1902,921,1985,1676,1232
lp_2191,760,722,351,654,571,403
lp_2192,1214,1034,524,1098,927,592
lp_2193,3814,3002,1714,2991,2658,2012
lp_2194,2562,1680,980,2073,1678,985
lp_2195,1228,477,134,901,458,164
lp_2196,1265,594,134,1004,572,160
lp_2197,1868,966,193,1448,950,169
lp_2199,1633,770,213,1425,680,241
lp_2200,2338,1164,314,1899,1078,508
lp_2201,314,309,64,296,287,62
lp_2202,1253,1225,234,1128,1241,303
lp_2203,548,662,137,568,617,185
lp_2205,178,153,224,156,128,306
lp_2206,166,243,328,118,206,389
lp_2210,640,757,437,567,752,587
lp_2211,226,233,159,200,151,117
lp_2212,178,341,336,187,290,394
lp_2213,289,116,22,223,73,55
lp_2215,267,126,23,234,103,30
lp_2216,152,93,150,144,65,150
lp_2217,392,539,541,396,608,883
lp_2218,122,181,172,114,177,221
lp_2219,522,919,713,380,737,744
lp_2220,397,730,630,381,581,643
lp_2221,513,390,237,400,284,182
lp_2222,271,285,265,221,210,174
lp_2223,99,151,138,114,113,139
lp_2224,541,652,1409,454,545,1230
lp_2225,762,1763,1309,785,1563,1754
lp_2226,92,643,676,84,588,997
lp_2227,1674,3329,4389,1509,3007,3853
lp_2228,594,1216,898,583,938,1050
lp_2229,217,546,1181,215,386,1152
lp_2230,482,1308,1995,432,1155,1987
lp_tRNA41,2,1,1,1,1,0
lp_tRNA42,3,1,3,1,2,0
lp_tRNA43,9,2,1,3,4,0
lp_tRNA44,22,14,2,18,10,3
lp_tRNA45,26,12,2,16,8,2
lp_tRNA46,41,17,4,30,13,4
lp_tRNA47,54,12,5,31,12,5
lp_tRNA48,7,3,3,5,3,2
lp_tRNA49,10,5,1,3,8,2
lp_tRNA50,20,5,4,8,9,3
lp_tRNA51,24,6,4,5,7,4
lp_tRNA52,20,4,3,12,6,3
lp_tRNA53,3,0,1,3,4,0
lp_tRNA54,9,2,3,9,4,0
lp_tRNA55,20,2,2,16,9,0
lp_tRNA56,26,8,2,22,7,1
lp_tRNA57,30,11,1,24,9,1
lp_tRNA58,18,7,0,28,4,0
lp_tRNA59,0,1,0,0,0,0
lp_tRNA60,0,1,0,2,0,0
lp_tRNA61,0,0,0,0,0,0
lp_rRNA07,0,0,0,0,1,0
lp_rRNA08,363,931,226,292,640,562
lp_rRNA09,110,289,69,95,250,236
lp_2231a,165,402,572,145,250,691
lp_2231b,210,560,834,186,383,947
lp_2231c,1286,1757,517,1186,1687,740
lp_2232,663,284,34,557,210,38
lp_2234,450,307,233,392,222,218
lp_2235,501,458,364,432,330,352
lp_2236,316,253,234,211,245,224
lp_2237,777,651,494,443,513,536
lp_2238,199,122,178,116,156,129
lp_2240,1025,305,128,635,335,152
lp_2242,912,1374,762,793,1169,812
lp_2243,312,518,518,230,400,630
lp_2244,3,4,3,4,0,3
lp_2246,6,0,4,0,0,1
lp_2247,6,3,4,0,0,1
lp_2248,3,10,8,2,3,6
lp_2249,4,4,6,2,7,0
lp_2251,720,1067,1443,537,891,1626
lp_2253,1921,2095,3436,1666,1582,3109
lp_2254,42,100,75,25,93,94
lp_2255,157,297,174,128,273,232
lp_2256,1049,686,601,773,401,456
lp_2258,729,1333,718,621,1160,702
lp_2259,217,594,374,211,441,536
lp_2260,833,1721,2427,804,1486,2585
lp_2261,428,890,1200,456,711,1211
lp_2262,191,253,233,156,167,241
lp_2263,2141,2291,2615,2015,1917,2635
lp_2264,1356,1553,1795,1191,1312,1828
lp_2265,383,388,902,316,321,834
lp_2266,235,268,543,192,239,441
lp_2267,300,334,742,280,264,656
lp_2268,320,325,719,293,227,551
lp_2269,356,216,699,341,166,631
lp_2270,952,1777,3526,1108,1988,4053
lp_2271,1209,2431,1335,891,2005,1626
lp_2272,78,208,159,57,187,146
lp_2273,553,1038,1254,416,913,1436
lp_2274,687,1425,1981,551,1221,2247
lp_2275,235,289,762,123,268,655
lp_2277,3965,4726,722,3294,4058,1019
lp_2278,1382,1430,664,1260,1198,630
lp_2279,1014,1054,544,763,800,539
lp_2280,83,230,385,58,186,428
lp_2281,796,845,538,690,780,621
lp_2282,870,1110,640,732,768,716
lp_2285,994,1815,1347,1017,1532,1337
lp_2286,703,852,724,653,833,612
lp_2287,340,332,282,286,331,267
lp_2289,382,273,189,321,221,209
lp_2290,1319,811,167,1130,638,297
lp_2292,31,51,47,28,37,57
lp_2297,871,1480,840,695,1225,1027
lp_2298,986,1855,841,834,1480,1008
lp_2299,228,306,131,179,255,210
lp_2300,3032,2525,2695,2670,1768,2843
lp_2301,1704,5119,4677,1644,4135,5318
lp_2302,519,2156,2174,479,1709,2466
lp_2303,1069,571,416,1238,442,467
lp_2304,2151,1050,765,2317,848,924
lp_2305,930,747,194,821,688,184
lp_2306,778,775,203,658,509,261
lp_2308,133,548,106,115,294,123
lp_2312,127,54,17,55,32,53
lp_2313,73,23,16,48,17,16
lp_2314,44,9,5,34,17,4
lp_2315,1573,805,292,1646,678,415
lp_2316,1179,545,236,1215,560,298
lp_2317,772,422,195,872,384,235
lp_2318,1509,767,369,1669,793,468
lp_2319,7389,3635,1852,7524,3381,2242
lp_2320,156,39,37,101,25,36
lp_2321,249,74,34,198,73,35
lp_2322,2746,2886,1820,2129,2599,2071
lp_2323,477,1315,1416,428,1066,1705
lp_2324,85,86,215,57,72,234
lp_2325,1033,2038,2879,1014,1483,3473
lp_2326,665,1057,1619,500,716,1639
lp_2328,948,1687,817,897,1381,866
lp_2330,162,364,289,106,350,356
lp_2331,11062,5326,3639,9742,3903,3272
lp_2332,58,109,78,58,97,98
lp_2333,152,176,151,147,166,211
lp_2334,108,109,84,181,115,95
lp_2335,44,45,18,51,39,40
lp_2336,348,438,432,325,381,565
lp_2337,256,386,300,243,273,274
lp_2339,133,233,300,126,160,340
lp_2340,907,3305,5568,794,2421,5799
lp_2341,594,344,87,606,472,184
lp_2342,1108,1249,962,1091,1375,1356
lp_2344,592,248,179,508,253,210
lp_2345,4547,3793,2700,4026,3314,3376
lp_2346,776,777,765,680,632,821
lp_2347,581,466,480,472,373,584
lp_2349,927,1406,1270,739,935,1488
lp_2350,509,494,348,471,389,356
lp_2351,263,273,130,263,191,132
lp_2352,398,414,121,336,267,191
lp_2353,621,448,378,722,369,436
lp_2354,2183,1479,1174,2377,1250,1435
lp_2357,343,244,146,260,166,156
lp_2358,478,424,199,417,255,217
lp_2359,2051,2313,1415,1948,1725,1381
lp_2360,114,340,438,100,264,346
lp_2361,883,1203,2027,1106,1111,1895
lp_2363,4142,988,846,3587,1571,1019
lp_2364,17274,4908,3836,14487,6097,4839
lp_2365,9973,3103,2109,8287,3465,2803
lp_2366,17206,5757,3558,14109,6492,4807
lp_2367,6180,2498,1474,5350,2288,1758
lp_2368,5429,2143,1221,4785,1999,1500
lp_2369,2236,951,576,2110,883,594
lp_2370,7995,3665,1988,7105,3207,2500
lp_2371,79,5786,4278,67,4388,4630
lp_2372,15,35,21,19,37,27
lp_2374,1989,3776,3882,1888,3189,4626
lp_2375,1013,2348,3220,1024,1886,3954
lp_2376,538,532,380,434,374,348
lp_2377,303,302,243,271,219,225
lp_2378,854,954,1153,815,762,1002
lp_2379,238,323,454,212,235,459
lp_2380,1135,1793,1521,1137,1406,1543
lp_2382,679,1227,1012,676,966,1128
lp_2384,503,1507,1348,428,1103,1519
lp_2385,234,191,136,214,197,192
lp_2388,41,41,31,20,20,20
lp_2390,64,616,114,56,827,69
lp_2391,162,367,456,135,266,475
lp_2393,59,38,47,92,41,64
lp_2394,96,75,68,87,57,96
lp_2395,45,56,62,65,40,68
lp_2396,7,3,13,6,3,5
lp_2397,182,264,126,195,225,170
lp_2399,12,60,25,7,50,29
lp_2400,14,32,19,11,32,23
lp_2401,40,126,82,28,127,158
lp_2402,1,14,8,1,16,17
lp_2403,11,50,49,14,41,63
lp_2404,15,135,105,20,121,147
lp_2405,40,254,163,39,194,230
lp_2406,2,22,14,4,24,38
lp_2407,7,139,55,10,73,77
lp_2408,5,85,43,5,79,86
lp_2409,169,1056,626,151,867,893
lp_2410,9,128,130,13,98,143
lp_2411,17,230,171,13,162,239
lp_2412,25,281,163,10,260,250
lp_2413,4,154,97,13,121,129
lp_2414,15,195,99,17,156,216
lp_2415,0,123,71,11,113,136
lp_2416,1,157,108,11,143,172
lp_2417,14,460,259,26,415,512
lp_2418,8,274,141,9,246,257
lp_2419,10,157,79,13,94,127
lp_2420,28,342,165,19,258,285
lp_2423,60,185,91,72,153,114
lp_2424,16,38,27,20,35,22
lp_2425,4,12,8,0,4,5
lp_tRNA62,0,0,1,2,0,0
lp_tRNA63,0,1,0,1,1,1
lp_2426,5,28,45,4,21,65
lp_2427,1,24,11,3,31,34
lp_2428,3,36,22,2,28,44
lp_2429,3,10,11,0,8,21
lp_2430,10,24,24,0,24,50
lp_2431,1,31,33,4,19,60
lp_2432,2,5,9,2,4,25
lp_2433,0,23,22,4,21,46
lp_2434,4,36,28,3,32,60
lp_2435,2,30,24,1,24,51
lp_2436,1,17,22,3,11,26
lp_2437,2,73,66,3,62,145
lp_2439,7,57,98,11,66,150
lp_2440,3,72,76,5,47,128
lp_2441,0,64,48,2,45,93
lp_2442,1,10,7,2,4,17
lp_2443A,0,6,12,1,6,15
lp_2443B,26,69,114,33,93,90
lp_2444,9,72,70,11,36,113
lp_2445,4,71,58,3,40,102
lp_2446,0,26,31,5,15,51
lp_2447,0,30,40,0,29,57
lp_2448,267,256,122,190,323,166
lp_2449,217,227,112,208,227,126
lp_2450,156,202,95,161,165,111
lp_2451,432,689,302,414,614,345
lp_tRNA64,7,13,4,5,12,7
lp_2452,38,37,44,22,41,52
lp_tRNA65,6,4,7,1,2,6
lp_tRNA66,5,10,10,1,4,11
lp_2453,364,1020,476,309,694,597
lp_2454,144,423,197,143,350,218
lp_2455,23,143,127,21,127,155
lp_tRNA67,1,1,1,0,2,1
lp_2457,5,14,26,13,15,20
lp_tRNA68,0,2,5,0,2,6
lp_2460,74,152,199,101,85,236
lp_2461,3,8,16,8,2,19
lp_2462,0,0,2,0,1,5
lp_2463,4,16,18,4,8,12
lp_2464,3,2,13,0,3,4
lp_2466,8,8,4,3,6,10
lp_2467,0,7,10,1,2,6
lp_2469,31,21,22,10,28,32
lp_2470,10,21,28,23,27,17
lp_2471,4,8,11,10,8,16
lp_2472,6,9,20,1,2,13
lp_2473,27,9,58,14,15,35
lp_2474,2,11,21,2,7,23
lp_2475,2,2,6,0,4,5
lp_2476,0,6,8,2,2,4
lp_2477,4,5,13,2,3,9
lp_2479,143,160,228,88,136,170
lp_2480,219,308,536,269,233,516
lp_2482,286,831,1320,312,715,1076
lp_2483,285,829,1485,312,708,1129
lp_2484,0,14,10,6,16,10
lp_2485,16,20,28,18,42,29
lp_2486,74,89,66,78,93,78
lp_2488,0,0,0,0,2,1
lp_2488a,0,0,2,0,1,1
lp_2488b,1,0,0,0,0,0
lp_2488c,1,1,0,0,0,1
lp_2488d,0,2,3,0,0,1
lp_2488e,0,3,4,0,0,1
lp_2488f,1,1,4,0,0,2
lp_2488g,0,1,5,0,1,1
lp_2488h,0,0,1,1,1,0
lp_2497,14,29,37,15,21,66
lp_2498,6,7,20,1,13,11
lp_2499,6,6,14,9,8,16
lp_2502,7340,16225,16028,7988,14010,17218
lp_2503,1546,352,145,1330,213,163
lp_2504,499,540,433,439,416,419
lp_2505,477,635,682,460,588,826
lp_2506,208,355,310,228,285,362
lp_2507,928,2806,2204,904,2265,2872
lp_2508,193,526,376,169,374,404
lp_2509,282,98,71,280,84,85
lp_RNA03,39092,118629,98928,48868,131606,133140
lp_2512,66,353,333,91,325,339
lp_2513,24,44,79,35,56,78
lp_2514,27,16,25,35,26,12
lp_2515,84,99,140,74,77,68
lp_2516,456,110,94,412,106,70
lp_2519,308,330,294,351,388,289
lp_2520,280,353,192,243,302,219
lp_2521,82,343,245,44,310,222
lp_2522,0,5,4,0,2,4
lp_2523,2,8,4,0,0,2
lp_2524,291,249,181,347,216,235
lp_2525,875,756,765,886,793,712
lp_2526,360,795,401,441,957,569
lp_2528,162,155,94,167,141,85
lp_2529,19,41,111,11,28,198
lp_2531,705,481,331,594,252,348
lp_2532,90,233,40,59,259,72
lp_2534,192,246,175,210,181,174
lp_2535,23,44,25,25,50,43
lp_2536,15,50,23,3,48,8
lp_2537,0,15,2,1,25,8
lp_2541,112,47,34,78,35,19
lp_2542,154,55,56,164,40,53
lp_2543,124,56,32,123,59,52
lp_2544,1423,5145,5916,1358,6697,4936
lp_2548,150,300,429,144,257,566
lp_2549,93,108,176,93,147,230
lp_2550,29,42,57,14,23,42
lp_2551,8,28,20,6,14,38
lp_2552,2,6,1,2,6,5
lp_2553,9,9,11,6,5,16
lp_2554,10,11,14,3,5,13
lp_2556,3,6,9,1,5,10
lp_2557,0,14,5,3,3,4
lp_2558,0,2,6,2,0,2
lp_2559,4,8,2,0,2,4
lp_2560,0,0,0,0,0,2
lp_2561,0,0,2,0,0,0
lp_2563,56,392,244,47,303,276
lp_2564,156,43,54,146,41,51
lp_2565,570,379,116,524,283,127
lp_2566,182,120,54,201,118,69
lp_2567,19,51,214,29,43,268
lp_2568,16,34,34,19,21,50
lp_2569,8,13,17,7,15,14
lp_2570,1773,3948,2530,1890,4507,2536
lp_2572,35,52,102,13,49,105
lp_2573,13,6,14,21,6,15
lp_2574,103,63,103,114,63,92
lp_2575,97,70,45,75,62,53
lp_2578,88,68,87,68,60,139
lp_2579,117,77,31,97,46,32
lp_2580,2627,979,537,2812,834,643
lp_2582,187,198,134,159,140,116
lp_2585,323,529,229,313,467,312
lp_2586,38,44,220,19,62,183
lp_2588,8,44,106,6,72,99
lp_2589,344,2471,1555,384,1887,1948
lp_2590,234,1198,858,211,1030,1007
lp_2591,370,985,622,421,691,636
lp_2593,219,440,108,254,320,192
lp_2594,2,5,14,6,12,8
lp_2595,4,2,9,0,0,12
lp_2596,135,331,1630,116,321,1418
lp_2597,174,396,922,170,358,707
lp_2598,120,278,982,119,238,749
lp_2599,73,143,45,85,116,29
lp_2600,18,72,145,31,57,86
lp_2601,70,91,58,66,96,54
lp_2602,95,184,82,102,155,99
lp_2603,149,263,82,140,288,103
lp_2604,47,75,100,56,76,159
lp_2606,58,98,109,57,93,126
lp_2608,346,404,77,305,325,97
lp_2610,175,193,159,140,154,187
lp_2612,975,3310,3477,834,3322,3533
lp_2613,142,258,371,144,264,265
lp_2614,69,115,178,81,130,169
lp_2615,31,48,80,32,44,56
lp_2616,54,151,176,63,126,131
lp_2617,108,84,107,92,63,98
lp_2620,61,34,8,45,42,18
lp_2621,426,577,754,366,537,952
lp_2622,77,119,152,82,126,188
lp_2623,197,316,381,214,330,420
lp_2624,7,37,21,8,28,47
lp_2625,1,7,8,1,14,13
lp_2629,165,260,2101,794,2332,4222
lp_2630,0,2,0,5,11,2
lp_2631,1553,584,361,1801,593,492
lp_2633,113,365,1260,120,375,1623
lp_2634,20,91,36,30,92,66
lp_2635,28,31,34,31,34,35
lp_2636,695,580,374,745,754,417
lp_2638,9,13,5,17,7,2
lp_2641,216,432,276,216,325,320
lp_2642,220,386,251,169,326,331
lp_2643,303,807,578,324,585,811
lp_2645,6939,14327,9716,7275,13890,11466
lp_2647,92,264,630,100,208,314
lp_2648,171,495,1285,157,421,608
lp_2649,170,463,1542,209,518,635
lp_2650,103,360,854,101,318,413
lp_2651,164,696,1162,241,674,583
lp_2652,852,1194,1508,810,1148,1380
lp_2653,113,846,191,75,1055,249
lp_2654,13,261,45,18,315,49
lp_2658,638,1330,1672,563,1372,1877
lp_2659,7468,21051,4950,10104,37474,5660
lp_2660,275,316,69,328,453,80
lp_2661,343,446,129,363,454,185
lp_2662,178,222,172,198,210,157
lp_2663,343,394,280,333,367,245
lp_2664,734,717,298,654,672,324
lp_2665,542,511,183,416,460,200
lp_2666,194,392,462,178,339,454
lp_2667,129,115,69,170,90,49
lp_2668,437,1377,5538,428,1170,5125
lp_2669,627,1748,5874,521,1590,5473
lp_2671,1645,1017,501,1456,973,592
lp_2673,559,678,238,466,693,332
lp_2674,85,54,66,84,53,98
lp_2675,190,127,248,199,121,246
lp_2676,22,43,21,14,22,22
lp_2677,70,207,177,61,174,236
lp_2680,295,323,1246,365,299,1101
lp_2681,2226,2321,8306,2426,2242,7493
lp_2683,223,163,191,218,204,220
lp_2684,26,33,44,31,51,39
lp_2685,26,35,41,25,23,31
lp_2687,28,15,66,30,34,81
lp_2688,10,19,26,17,19,27
lp_2689,156,115,55,118,51,38
lp_2690,294,894,1442,369,900,1436
lp_2691,152,127,141,94,135,195
lp_2693,603,1328,958,632,1160,1312
lp_2694,716,1398,1345,670,1250,1642
lp_2696,64,966,455,83,1197,458
lp_2697,41,9124,4588,44,9761,4727
lp_2698,54,8817,4804,43,9321,5197
lp_2699,72,13142,6959,42,13376,7873
lp_2700,127,41615,24238,118,37839,27160
lp_2701,22,9990,8094,25,8467,9375
lp_2702,22,11109,12559,27,9530,13038
lp_2703,32,4469,7639,7,4107,7633
lp_2704,57,1857,2981,45,2041,2991
lp_2708,14,197,41,18,288,18
lp_2710,166,97,72,83,58,111
lp_2712,394,268,88,284,152,73
lp_2713,207,338,372,224,261,245
lp_2714,62,48,36,59,14,33
lp_2715,45,19,27,43,15,24
lp_2716,85,22,5,65,18,6
lp_2718,18,17,10,28,19,26
lp_2719,135,195,135,121,229,155
lp_2720,178,211,148,146,320,171
lp_2721,63,74,41,35,82,59
lp_2722,75,114,90,48,139,69
lp_2723,106,218,110,60,291,154
lp_2724,121,299,175,92,261,281
lp_2725,40,113,79,27,111,102
lp_2726,9,29,26,7,26,27
lp_2727,51,125,90,30,96,113
lp_2728,94,188,189,64,175,240
lp_2729,33,81,80,15,76,114
lp_2732,163,344,893,196,353,757
lp_2733,82,143,326,95,135,299
lp_2734,163,187,267,146,177,246
lp_2735,214,224,288,177,254,257
lp_2736,514,1035,1253,560,892,1401
lp_2737,460,977,1070,406,876,1156
lp_2738,571,539,540,592,429,642
lp_2739,122,40,21,113,34,16
lp_2740,397,68,42,360,73,62
lp_2741,154,58,24,154,39,41
lp_2742,203,69,42,213,66,59
lp_2743,583,215,110,542,143,100
lp_2744,405,108,72,408,114,75
lp_2745,180,737,1552,172,587,1493
lp_2746,3,8,132,2,8,119
lp_2747,95,145,178,40,136,219
lp_2748,24,35,101,8,45,151
lp_2749,19,23,37,13,27,14
lp_2751,163,178,50,149,129,55
lp_2753,1685,1738,721,1543,1587,821
lp_2754,301,503,499,307,525,584
lp_2755,178,187,480,151,189,228
lp_2757,52,106,241,50,73,160
lp_2758,627,812,548,556,794,615
lp_2759,199,353,259,180,324,275
lp_2760,80,187,68,50,164,138
lp_2761,253,540,381,181,526,474
lp_2762,185,622,397,205,493,594
lp_2763,126,319,199,78,244,256
lp_2764,239,580,276,233,460,373
lp_2765,120,201,86,96,154,136
lp_2766,105,387,1008,109,398,768
lp_2767,101,360,1081,69,304,790
lp_2768,26,36,41,22,28,62
lp_2770,156,110,143,125,112,151
lp_2771,117,96,54,110,85,68
lp_2772,93,164,88,103,139,145
lp_2773,105,146,140,51,186,123
lp_2774,50,95,84,29,93,84
lp_2776,128,216,399,101,137,496
lp_2777,104,602,2255,92,429,1617
lp_2778,76,653,2522,95,419,1551
lp_2780,57,456,3412,66,276,1357
lp_2781,49,510,2934,88,393,1372
lp_2782,11,31,134,12,26,85
lp_2783,781,436,641,836,375,574
lp_2785,655,320,569,608,309,675
lp_2786,596,316,677,551,292,699
lp_2787,18,51,137,21,49,110
lp_2788,12,48,12,6,27,26
lp_2789,192,188,212,194,242,215
lp_2790,256,562,966,248,450,1113
lp_2792,59,49,110,40,41,49
lp_2793,1574,2170,1412,1366,1971,1624
lp_2794,174,278,221,160,269,310
lp_2795,202,204,284,171,254,321
lp_2796,41,59,158,27,80,175
lp_2797,16,40,16,7,36,11
lp_2798,50,109,61,61,121,56
lp_2799,744,320,192,772,140,163
lp_2800a,95,85,107,100,50,120
lp_2800b,19,114,309,25,75,261
lp_2802,25,59,81,27,49,70
lp_2803,27,48,46,14,18,38
lp_2804,114,263,854,94,239,791
lp_tRNA69,0,0,4,0,1,0
lp_rRNA10,0,1,0,0,1,0
lp_rRNA11,368,933,233,290,636,570
lp_rRNA12,117,284,73,97,261,241
lp_2806,82,306,195,73,282,221
lp_2807,1003,767,179,987,775,249
lp_2809,110,230,19,51,122,19
lp_2810,130,444,43,48,331,64
lp_2812,170,108,91,113,86,147
lp_2813,23,38,172,21,33,126
lp_2814,12,11,65,7,10,38
lp_2816,24,40,34,39,22,29
lp_2817,36,25,37,26,15,33
lp_2818,220,268,150,197,191,183
lp_2820,214,369,544,243,439,532
lp_2822,200,164,55,169,148,102
lp_2823,154,107,49,143,99,57
lp_2824,375,690,286,343,577,322
lp_2825,716,1232,480,582,1135,548
lp_2826,292,297,373,243,288,391
lp_2827,484,308,688,272,200,781
lp_2829,247,202,47,158,190,48
lp_2830,152,205,327,129,87,295
lp_2833,56,83,102,40,48,79
lp_2835,50,40,76,29,44,66
lp_2836,44,26,26,37,29,31
lp_2839,25,6,2,8,10,7
lp_2840,6,20,8,4,4,8
lp_2841,52,87,22,34,69,46
lp_2842,146,228,68,110,111,110
lp_2843,624,632,1230,677,537,1260
lp_2844,575,581,1030,602,486,1029
lp_2845,141,567,32,88,522,40
lp_2847,3050,5351,4264,2460,4942,4202
lp_2848,58,58,32,50,45,24
lp_2849,326,227,47,265,222,93
lp_2850,349,287,71,330,241,114
lp_2851,12,13,118,14,14,83
lp_2852,4,5,42,3,3,45
lp_2853,6,3,35,0,3,30
lp_2854,31,70,320,12,37,246
lp_2855,44,88,78,42,65,103
lp_2856,118,182,206,137,168,184
lp_2857,13,16,42,14,29,57
lp_2858,10,6,15,9,13,19
lp_2860,310,353,711,190,376,867
lp_2861,23,41,38,39,26,65
lp_2862,413,259,213,447,287,316
lp_2863,56,80,34,48,61,43
lp_2864,207,151,128,225,113,162
lp_2865,236,174,112,213,117,154
lp_2866,105,86,70,135,74,59
lp_2867,137,90,59,122,93,91
lp_2868,250,109,92,206,96,147
lp_2870,47,162,240,32,105,255
lp_2871,62,234,308,62,173,357
lp_2872,78,188,172,108,239,260
lp_2873,178,428,271,170,422,383
lp_2874,155,405,216,146,423,251
lp_2876,32,67,103,28,61,104
lp_2877,428,932,1242,377,941,1542
lp_2878,183,242,39,112,259,78
lp_2879,205,118,148,168,126,149
lp_2880,52,93,311,45,58,382
lp_2882,42,81,237,38,76,301
lp_2883,38,50,158,15,36,123
lp_2885,15,11,13,27,15,15
lp_2887,373,565,1352,323,555,1441
lp_2888,73,183,280,100,187,313
lp_2889,58,133,222,58,137,246
lp_2890,79,110,231,53,99,299
lp_2893,147,95,75,141,82,70
lp_2894,99,77,55,106,82,82
lp_2899,7,10,37,0,13,29
lp_2900,4,15,378,9,33,325
lp_2901,580,372,430,552,322,567
lp_2902,56,58,73,39,38,57
lp_2903,100,149,76,70,111,111
lp_2906,249,284,201,190,265,195
lp_2907,39,77,37,52,52,71
lp_2909,85,121,227,74,103,389
lp_2911,341,191,43,270,233,52
lp_2912,605,1296,939,488,973,1151
lp_2913,292,862,601,281,743,830
lp_2914,429,855,995,385,914,1449
lp_2915,222,811,280,225,806,427
lp_2917,23,24,18,15,25,22
lp_2918,385,352,89,229,303,100
lp_2919,70,647,50,37,794,42
lp_2920,65,585,49,32,798,70
lp_2921,46,68,101,32,86,69
lp_2922,41,83,94,27,38,94
lp_2923,47,85,693,24,98,721
lp_2924,50,44,111,30,44,108
lp_2925,136,408,245,60,303,278
lp_2926,18,46,104,25,66,85
lp_2927,19,19,51,6,7,51
lp_2929,120,154,145,89,78,129
lp_2930,74,101,97,42,36,76
lp_2931,101,826,487,141,391,391
lp_2932,416,2197,1200,475,1037,1206
lp_2934,298,145,192,314,143,189
lp_2935,148,139,131,124,106,144
lp_2936,337,384,332,351,298,341
lp_2937,247,161,479,198,142,363
lp_2939,861,1338,7746,508,598,6804
lp_2940,42,44,35,36,26,44
lp_2942,210,288,132,143,293,169
lp_2943,52,38,58,39,43,50
lp_2945,100,301,886,82,219,894
lp_2948,26,120,17,12,43,26
lp_2949,8,62,7,5,41,17
lp_2952,31,75,63,51,58,71
lp_2953,55,107,118,38,130,144
lp_2954,38,95,46,12,105,46
lp_2956,209,768,636,149,676,720
lp_2958,264,359,264,233,330,336
lp_2959,18,43,8,21,56,31
lp_2960,310,406,191,240,311,317
lp_2961,128,163,254,92,145,351
lp_2963,62,117,258,57,76,305
lp_2964,67,97,346,60,103,400
lp_2965,44,104,159,44,93,183
lp_2966,81,79,176,66,94,185
lp_2967,23,7,50,7,35,62
lp_2968,34,42,81,43,48,76
lp_2969,42,42,100,22,30,94
lp_2972,30,20,10,24,13,19
lp_2973,47,9,13,36,14,35
lp_2974,32,19,15,12,9,15
lp_2975,38,65,219,27,77,258
lp_2976,2,15,35,0,3,23
lp_2977,4,9,38,4,10,67
lp_2978,16,104,704,24,114,428
lp_2981,5,9,19,4,7,7
lp_2982,4,8,13,2,9,9
lp_2983,5,6,19,1,9,19
lp_2984,3,5,2,2,6,12
lp_2985,7,3,5,4,13,3
lp_2987,1139,5825,7526,1402,7391,7005
lp_2988,854,343,114,774,394,152
lp_2989,50,35,39,39,34,45
lp_2991,22,25,22,19,35,20
lp_2992,1149,1467,186,1140,2451,166
lp_2993,210,244,67,252,462,55
lp_2994,3,7,14,0,15,10
lp_2995,75,92,142,55,70,168
lp_2998,37,24,56,16,37,42
lp_3000,1745,644,837,1872,672,992
lp_3001,58,27,70,30,25,79
lp_3002,160,206,278,117,182,323
lp_3003,153,238,99,111,170,122
lp_3004,8,6,6,7,1,4
lp_3006,180,335,332,132,357,442
lp_3008,6,14,13,9,4,15
lp_3009,6,16,40,0,11,24
lp_3010,20,48,238,8,25,106
lp_3011,26,105,322,0,71,186
lp_3012,25,24,22,17,30,32
lp_3013,69,116,143,45,86,154
lp_3014,869,5185,33,521,3390,42
lp_3015,386,169,2,298,156,6
lp_3016,32,42,26,14,55,24
lp_3017,26,36,25,16,33,24
lp_3018,72,67,35,45,53,60
lp_3019,16,6,2,22,10,3
lp_3020,4,14,2,2,4,6
lp_3021,65,71,32,44,44,28
lp_3022,15,22,31,17,21,68
lp_3023,46,38,159,25,83,145
lp_3024,72,102,200,41,89,239
lp_3025,5,22,24,4,19,7
lp_3026,20,34,27,15,33,42
lp_3029,29,16,13,11,9,7
lp_3030,13,13,9,5,15,19
lp_3031,10,4,2,5,5,14
lp_3032,8,15,12,8,10,21
lp_3033,45,60,72,33,56,103
lp_3034,36,66,336,45,53,279
lp_3036,112,82,88,94,62,87
lp_3038,356,343,238,287,213,306
lp_3040,328,444,214,281,335,257
lp_3042,403,453,176,270,401,232
lp_3043,44,90,567,45,48,914
lp_3044,282,584,610,245,596,642
lp_3045,733,1680,1391,812,2949,2158
lp_3047,12,40,78,21,36,131
lp_3048,35,62,144,15,70,278
lp_3049,907,437,618,941,201,784
lp_3050,0,17,0,0,14,0
lp_3051,67,68,165,49,47,162
lp_3054,8,5,17,7,6,18
lp_3055,23,20,19,14,14,19
lp_3057,1,2,3,2,0,1
lp_3058,3,0,2,0,1,0
lp_3059,376,261,427,296,238,632
lp_3060,106,71,125,69,60,162
lp_3062,47,67,88,44,78,117
lp_3063,120,128,140,87,84,181
lp_3064,12,8,18,4,5,8
lp_3065,1,1,0,0,1,0
lp_3066,3,1,4,0,0,4
lp_3067,2,2,0,0,2,3
lp_3069,96,109,174,87,162,158
lp_3070,34,39,56,31,52,67
lp_3071,45,74,77,38,80,65
lp_3072,12,20,19,20,16,56
lp_3073,7,10,19,10,8,12
lp_3074,1,4,4,2,9,11
lp_3075,40,75,102,23,64,160
lp_3077,1228,219,593,1048,160,520
lp_3078,10,24,46,7,21,42
lp_3079,44,72,42,55,67,43
lp_3080,80,111,72,61,139,68
lp_3081,41,29,116,29,21,107
lp_3082,183,62,49,135,53,45
lp_3084,228,186,164,168,185,227
lp_3085,3687,3856,1874,2652,3525,1825
lp_3087,134,79,62,134,53,80
lp_3088,185,87,54,106,114,72
lp_3089,7,3,3,1,3,0
lp_3090,71,127,30,53,85,49
lp_3091,87,51,67,31,49,60
lp_3092,371,818,1835,313,669,1678
lp_3093,104,62,79,51,36,67
lp_3094,13,12,44,23,25,44
lp_3095,93,186,140,56,124,169
lp_3096,79,120,59,52,61,81
lp_3097,32,47,60,34,48,68
lp_3098,37,49,45,20,48,88
lp_3099,7,37,42,6,18,65
lp_3100,90,68,126,61,64,178
lp_3101,18,21,20,29,17,28
lp_3102,110,95,40,94,63,72
lp_3103,44,111,118,23,62,85
lp_3104,53,42,7,25,32,20
lp_3105,32,43,4,29,28,14
lp_3106,22,24,3,13,17,4
lp_3107,43,35,36,35,52,35
lp_3108,31,43,48,18,35,64
lp_3110,12,55,101,8,34,96
lp_3111,7,16,34,2,17,33
lp_3112,17,29,17,14,40,31
lp_3113,2,17,7,8,16,11
lp_3114,306,362,598,206,334,717
lp_3115,3,15,44,17,14,48
lp_3116,7,19,60,3,11,36
lp_3117,18,47,260,27,41,187
lp_3119,10,30,117,7,21,103
lp_3120,107,135,231,63,129,263
lp_3122,156,95,130,129,77,183
lp_3123,293,217,145,243,205,170
lp_3124,31,42,73,13,49,76
lp_3125,29,8,17,12,10,28
lp_3127,19,58,163,12,63,194
lp_3128,519,2354,5642,408,2230,6979
lp_3129,6,16,23,12,16,31
lp_3130,20,39,20,39,41,42
lp_3131,28,32,52,33,24,66
lp_3132,64,45,56,31,56,68
lp_3133,24,37,50,17,28,43
lp_3134,194,28,17,267,42,27
lp_3135,231,104,171,224,113,214
lp_3136,22,62,43,12,41,61
lp_3137,1,7,6,0,7,18
lp_3138,13,28,48,9,27,44
lp_3139,34,28,24,17,12,34
lp_3141,18,20,22,1,17,33
lp_3142,89,152,223,60,107,263
lp_3143,33,21,43,25,24,33
lp_3144,24,12,19,21,23,19
lp_3145,15,20,28,8,19,25
lp_3150,68,177,55,43,170,79
lp_3155,27,54,41,8,40,52
lp_3158,27,32,23,12,44,35
lp_3159,28,21,24,14,20,24
lp_3160,23,18,17,18,24,23
lp_3161,3,8,2,0,1,4
lp_3164,91,157,475,82,136,557
lp_3169,153,152,118,109,99,116
lp_3170,11553,15375,7423,11350,15594,8128
lp_3171,112,207,128,79,202,182
lp_3172,63,50,245,39,39,296
lp_3173,271,261,1263,233,361,1310
lp_3174,1931,1230,297,1743,1033,420
lp_3175,50,20,18,49,17,30
lp_3176,139,176,104,108,144,121
lp_3177,5,4,1,6,4,4
lp_3178,12,20,4,11,9,6
lp_3179,105,162,218,85,164,314
lp_3180,54,57,23,18,28,30
lp_3183,91,221,50,74,215,60
lp_3184,380,398,152,270,295,115
lp_3185,1183,1339,524,841,1169,503
lp_3187,55,25,9,17,15,34
lp_3189,2150,1519,522,1833,1315,549
lp_3190,759,211,134,612,180,130
lp_3191,1350,446,469,1359,467,566
lp_3192,39,43,14,23,21,40
lp_3193,1750,1028,355,1440,652,416
lp_3194,2604,9611,7039,2373,7461,10073
lp_3195,645,503,212,463,415,218
lp_3196,1251,1175,471,1039,1009,540
lp_3197,118,117,46,102,105,58
lp_3198,763,753,273,644,543,351
lp_3199,538,477,232,438,369,256
lp_3200,407,331,168,340,239,176
lp_3201,239,263,97,191,174,100
lp_3204,491,2956,1047,304,1987,938
lp_3205,167,183,335,122,161,349
lp_3206,190,198,354,117,166,437
lp_3207,199,237,1670,144,192,1084
lp_3209,795,526,263,740,328,228
lp_3210,220,199,128,168,137,174
lp_3211,318,278,217,192,163,171
lp_3214,51,130,26,38,268,16
lp_3215,2,5,3,0,0,2
lp_3216,6,2,1,6,3,5
lp_3217,22,14,10,20,30,15
lp_3218,63,47,32,30,44,34
lp_3219,66,753,133,59,403,233
lp_3220,13,1509,99,5,899,212
lp_3221,94,2126,366,81,1492,569
lp_3223,213,282,154,172,260,203
lp_3224,74,80,66,49,79,77
lp_3225,27,51,42,40,47,46
lp_3226,932,961,400,770,861,381
lp_3227,281,303,104,226,300,84
lp_3228,14,16,48,5,26,76
lp_3229,20,14,84,11,11,111
lp_3232,10,20,61,4,4,62
lp_3233,6,10,42,5,2,29
lp_3234,17,72,59,18,56,47
lp_3236,64,109,72,59,82,72
lp_3237,93,340,479,99,331,630
lp_3238,191,263,755,162,231,1049
lp_3239,11,35,44,18,16,36
lp_3240,66,90,161,61,62,110
lp_3241,33,117,157,34,109,198
lp_3243,89,270,424,68,240,348
lp_3244,250,695,904,190,568,788
lp_3245,3538,861,1766,3574,1034,1970
lp_3246,122,263,782,61,185,900
lp_3247,258,312,555,255,241,679
lp_3248,82,108,79,64,72,94
lp_3250,7,20,154,6,17,77
lp_3251,32,10,58,16,9,40
lp_3252,66,251,51,44,167,110
lp_3254,48,169,45,67,191,48
lp_3255,102,260,127,89,275,106
lp_3256,6141,2400,3267,4654,5778,3348
lp_3257,8,9,8,9,10,25
lp_3259,327,291,376,294,344,404
lp_3262,332,763,362,319,963,574
lp_3263,178,492,285,180,631,437
lp_3265,365,434,504,298,483,519
lp_3266,147,288,408,135,349,417
lp_3267,672,2538,3691,629,2716,4435
lp_3268,4,12,10,6,12,13
lp_3269,255,271,32,207,141,51
lp_3270,122,58,112,90,46,159
lp_3271,72,24,67,43,18,49
lp_3272,24,46,434,19,48,272
lp_3273,367,480,139,338,345,249
lp_3275,42,33,48,26,36,56
lp_3278,23,56,61,15,19,81
lp_3279,667,1556,874,440,972,1355
lp_3280,124,92,315,65,58,287
lp_3281,646,439,371,596,329,554
lp_3283,188,203,197,117,172,235
lp_3284,48,32,408,37,40,427
lp_3285,21,19,293,20,19,287
lp_3286,114,69,125,121,123,187
lp_3287,28,29,120,26,20,123
lp_3288,129,180,262,72,123,231
lp_3290,33,145,145,23,48,162
lp_3291,15,50,35,12,25,41
lp_3292,94,67,17,74,36,13
lp_3293,250,330,335,179,341,272
lp_3294,531,803,646,364,843,535
lp_3295,293,416,265,211,353,219
lp_3296,656,937,634,535,936,599
lp_3297,227,320,271,189,297,240
lp_3298,98,146,114,94,157,125
lp_3299,121,130,113,115,129,119
lp_3301,445,62,268,282,72,405
lp_3302,99,231,58,62,185,92
lp_3303,572,689,451,531,1026,537
lp_3305,195,216,261,198,364,482
lp_3308,105,81,86,91,61,86
lp_rRNA13,0,0,0,0,1,0
lp_rRNA14,376,944,237,301,640,592
lp_rRNA15,108,292,75,97,265,237
lp_3310,237,144,57,197,132,71
lp_3312,509,1156,1439,509,1141,1852
lp_3313,250,491,793,213,455,641
lp_3314,113,185,380,91,143,323
lp_3316,12,76,120,9,80,96
lp_3318,110,1051,965,97,776,706
lp_3319,92,156,304,57,137,374
lp_3321,49,74,135,28,62,197
lp_3322,509,791,816,416,654,994
lp_3323,82,303,636,54,223,700
lp_3324,1363,2359,499,1301,2184,700
lp_3327,166,251,130,136,222,177
lp_3330,53,85,73,34,48,110
lp_3331,75,106,160,83,91,211
lp_3333,16,7,10,4,8,6
lp_3334,195,196,153,121,182,243
lp_3335,80,114,193,63,94,221
lp_3338,19,19,10,14,22,17
lp_3339,12,29,82,4,12,93
lp_3341,106,100,185,67,63,182
lp_3342,104,190,311,76,215,296
lp_3343,30,47,66,37,23,51
lp_3344,14,13,19,4,8,11
lp_3345,12,54,143,18,46,141
lp_3346,58,146,215,43,119,177
lp_3348,245,693,1529,229,522,1729
lp_3349,434,864,3568,342,627,3876
lp_3350,551,839,2666,574,625,3042
lp_3351,968,1076,3944,859,822,4775
lp_3352,394,1815,19103,388,1415,18785
lp_3353,168,626,3602,142,529,4019
lp_3355,148,391,832,140,292,728
lp_3356,131,85,142,148,69,245
lp_3358,617,222,131,483,114,184
lp_3359,63,190,68,54,170,61
lp_3360,112,223,39,79,250,24
lp_3362,178,329,380,183,270,548
lp_3363,83,70,173,57,100,155
lp_3365,128,146,232,89,134,300
lp_3366,95,100,141,71,91,171
lp_3367,102,94,60,86,68,76
lp_3371,41,55,45,34,57,65
lp_3372,68,86,77,47,79,136
lp_3373,142,204,376,118,139,493
lp_3374,147,118,71,134,73,106
lp_3375,19,9,16,14,9,21
lp_3377,30,37,67,22,44,63
lp_3378,60,68,112,33,41,135
lp_3379,42,57,60,16,58,101
lp_3380,16,18,15,6,16,21
lp_3381,24,46,43,14,36,56
lp_3382,40,95,98,40,78,117
lp_3383,13,44,25,9,21,43
lp_3384,0,19,8,4,9,14
lp_3385,3,21,24,3,11,51
lp_3387,2,10,10,2,11,13
lp_3388a,1,13,9,0,19,24
lp_3388,0,8,7,0,6,18
lp_3389,57,97,51,24,54,87
lp_3390,200,192,74,106,187,228
lp_3392,128,275,201,79,256,239
lp_3393,286,90,15,246,93,28
lp_3394,60,38,7,57,22,5
lp_3397,358,340,144,253,281,217
lp_3398,117,122,174,90,91,203
lp_3400,537,728,514,430,493,624
lp_3402,49,190,155,42,237,279
lp_3403,968,1517,2598,1155,1812,3093
lp_3404,124,91,43,121,84,60
lp_3405,84,53,27,48,53,29
lp_3407,1657,1461,845,1564,1250,1228
lp_3408,190,325,323,161,288,458
lp_3409,234,444,329,200,390,543
lp_3410,119,134,171,81,154,229
lp_3411,3253,896,1441,3920,749,1628
lp_3412,512,481,676,508,424,810
lp_3413,37,105,147,45,67,150
lp_3414,74,146,205,86,135,231
lp_3415,10,8,13,16,13,22
lp_3416,319,893,1210,242,755,1095
lp_3417,125,175,156,45,156,160
lp_3418,72,118,123,61,102,162
lp_3419,379,877,745,308,805,791
lp_3420,1268,7023,17048,1074,5444,23627
lp_3421,10766,18188,407,6813,17742,719
lp_3422,178,326,574,202,241,805
lp_3423,82,107,39,77,95,43
lp_tRNA70,3,4,1,1,3,5
lp_3425,21,14,29,12,17,52
lp_3426,5,13,10,5,5,19
lp_3427,25,15,17,4,19,28
lp_3427a,6,0,15,2,3,7
lp_3429,44,98,22,26,105,21
lp_3430,247,688,92,224,560,122
lp_3431,69,94,44,74,72,55
lp_3432,80,101,45,64,104,56
lp_3433,211,354,486,125,294,526
lp_3435,240,314,565,158,268,566
lp_3436,16,0,14,14,3,6
lp_3437,43,38,67,31,49,66
lp_3438,32,26,39,31,41,60
lp_3440,25,71,16,14,31,64
lp_3441,18,34,42,21,16,52
lp_3442,5,12,23,11,16,21
lp_3444,66,189,826,63,172,1020
lp_3445,741,2304,3143,579,1792,3485
lp_3448,62,95,120,65,72,153
lp_3449,87,296,2365,140,247,2297
lp_3450,24,41,117,11,41,161
lp_3451,7,12,41,3,15,60
lp_3452,12,14,96,7,22,178
lp_3453,5,22,108,10,20,155
lp_3454,2,6,45,5,2,64
lp_3458,421,267,69,302,144,81
lp_3459,40,63,92,33,34,147
lp_3460,132,148,405,84,114,520
lp_3461,97,144,347,99,109,397
lp_3463,98,69,256,80,81,238
lp_3464,355,522,483,280,459,699
lp_3466,37,115,32,17,90,56
lp_3468,15,27,57,6,26,64
lp_3469,8,24,60,2,10,52
lp_3470,139,730,765,150,550,874
lp_3471,11,14,31,2,19,23
lp_3472,1,4,24,1,2,20
lp_3473,7,8,33,6,6,38
lp_3474,11,43,72,11,27,74
lp_3476,0,10,68,8,17,74
lp_3477,60,148,187,62,123,134
lp_3478,45,119,164,34,103,156
lp_3479,3,7,3,6,8,9
lp_3480,23,97,136,13,54,187
lp_3481,15,68,81,9,52,108
lp_3482,16,17,28,12,9,12
lp_3483,17,48,36,15,41,33
lp_3484,5,15,22,5,10,23
lp_3485,26,42,38,30,41,42
lp_3486,56,59,50,28,27,46
lp_3487,23,47,60,29,65,54
lp_3488,317,344,162,241,409,172
lp_3489,26,100,291,24,60,240
lp_3490,29,46,150,24,40,164
lp_3491,69,158,117,49,107,133
lp_3492,35,74,86,22,77,88
lp_3493,25,56,69,29,57,80
lp_3494,17,32,40,17,24,66
lp_3495,67,55,61,75,54,119
lp_3496,75,109,166,84,89,214
lp_3497,6,13,20,14,20,15
lp_3498,2,8,21,19,8,13
lp_3499,7,7,6,4,7,21
lp_3500,8,16,46,7,8,34
lp_3501,2,5,13,0,5,23
lp_3502,47,25,36,33,28,22
lp_3503,16,44,34,10,36,46
lp_3504,11,39,100,10,24,71
lp_3505,25,72,129,17,30,130
lp_3506,32,37,55,15,17,55
lp_3507,392,790,4013,264,527,2500
lp_3508,55,78,200,44,55,137
lp_3509,44,99,171,46,56,127
lp_3510,60,150,132,19,66,114
lp_3512,323,193,122,285,132,145
lp_3513,269,96,73,241,67,121
lp_3514,395,250,451,286,121,511
lp_3516,124,178,295,87,138,354
lp_3517,29,48,91,17,33,65
lp_3518,0,15,14,4,2,28
lp_3519,2,3,4,0,1,7
lp_3520,27,141,284,27,80,323
lp_3521,116,273,354,69,177,395
lp_3522,12,43,52,27,33,52
lp_3523,8,16,30,17,9,27
lp_3524,2,10,27,8,7,31
lp_3525,288,1080,1191,224,887,1122
lp_3526,6,30,24,10,11,23
lp_3527,2,29,46,4,10,11
lp_3529,39,184,91,50,94,72
lp_3530,13,55,120,17,33,99
lp_3531,143,129,154,142,123,237
lp_3533,9,31,21,24,19,34
lp_3534,29,92,104,28,63,142
lp_3535,3,4,45,4,4,41
lp_3536,378,1282,5601,250,580,5094
lp_3537,0,1,4,2,1,19
lp_3538,2,0,17,6,7,16
lp_3539,1,0,6,0,1,4
lp_3540,3,3,28,8,12,29
lp_3541,0,3,6,1,0,9
lp_3542,7,8,14,3,0,19
lp_3543,94,70,61,78,73,74
lp_3544,0,6,1,0,0,6
lp_3545,6,17,80,12,20,69
lp_3546,3,12,88,9,8,47
lp_3547,0,4,37,2,3,9
lp_3548,0,8,59,0,4,24
lp_3549,41,77,144,38,51,159
lp_3551,75,173,627,94,187,498
lp_3552,12,12,24,9,9,24
lp_3553,12,3,15,7,3,13
lp_3554,6,14,60,9,9,66
lp_3555,4,0,12,2,0,17
lp_3556,0,8,36,0,2,30
lp_3557,0,6,139,2,2,119
lp_3558,204,204,315,152,185,339
lp_3559,166,244,90,140,213,132
lp_3560,17,51,114,12,44,117
lp_3561,26,53,233,13,28,169
lp_3562,4,19,55,0,9,75
lp_3563,2,12,10,4,8,36
lp_3565,2,8,8,2,2,39
lp_3566,1,0,2,0,4,0
lp_3567,12,23,30,8,18,16
lp_3568,93,121,114,59,83,129
lp_3569,51,73,73,51,50,118
lp_3570,63,68,80,46,51,114
lp_3571,41,48,28,47,42,30
lp_3572,956,2438,8652,962,2216,11720
lp_3573,84,148,229,58,139,289
lp_3575,10,72,177,13,36,189
lp_3576,99,243,409,86,189,327
lp_3577,304,555,856,199,450,807
lp_3578,1947,15728,30140,1849,14843,37128
lp_3579,3447,4280,13759,2890,3020,11557
lp_3580,15598,18798,6486,15052,18295,6114
lp_3581,19655,27521,8035,20867,25872,7599
lp_3581a,1383,2071,561,1494,1834,489
lp_3582,2129,3081,776,1875,2252,1092
lp_3583,890,2694,7670,743,2152,6734
lp_3586,87,165,418,62,161,563
lp_3587,89,283,655,101,265,1050
lp_3588,17,22,208,10,31,326
lp_3589,829,912,1934,920,1075,2404
lp_3590,1,1,2,2,1,3
lp_3591,7,10,11,4,2,23
lp_3592,1,6,7,4,4,18
lp_3593,0,4,8,0,0,17
lp_3594,1,0,0,0,0,5
lp_3595,3,6,9,0,4,11
lp_3596,0,0,9,0,0,12
lp_3597,32,51,183,32,38,212
lp_3598,22,30,31,10,34,45
lp_3599,1,17,12,8,14,36
lp_3600,3,12,10,2,10,15
lp_3601,17,33,73,18,29,110
lp_3602,1,4,13,0,5,7
lp_3603,17,9,33,22,19,62
lp_3604,100,209,417,65,128,474
lp_3605,14,37,154,8,28,148
lp_3606,13,47,244,9,30,167
lp_3607,10,24,153,14,14,140
lp_3608,13,23,234,15,21,193
lp_3611,20,21,65,11,20,53
lp_3612,8,16,39,8,9,26
lp_3613,4,15,11,2,14,20
lp_3614,18,38,38,14,21,47
lp_3615,135,204,309,120,169,334
lp_3617,8,36,188,12,22,195
lp_3618,0,10,36,0,3,18
lp_3619,2,26,31,0,6,45
lp_3620,0,15,25,0,4,26
lp_3621,0,2,6,0,3,16
lp_3622,6,39,37,2,24,50
lp_3623,2,12,6,0,13,13
lp_3625,357,295,324,270,212,420
lp_3626,14,36,46,22,44,26
lp_3627,12,56,65,16,29,37
lp_3629,22,104,220,32,61,223
lp_3630,26,40,148,30,33,122
lp_3631,59,118,338,53,60,279
lp_3632,33,36,195,22,21,193
lp_3633,163,151,92,144,109,127
lp_3634,99,148,56,93,105,86
lp_3635,4,31,47,8,8,47
lp_3637,28,45,86,22,31,94
lp_3638,47,89,98,36,43,129
lp_3639,40,72,128,54,26,105
lp_3640,23,26,44,26,22,65
lp_3641,2,22,19,2,2,14
lp_3642,41,83,163,20,52,162
lp_3643,19,16,48,9,17,52
lp_3644,17,17,40,7,11,24
lp_3645,46,72,310,31,44,265
lp_3646,18,24,90,3,24,82
lp_3647,5,34,71,7,10,51
lp_3648,10,34,47,9,25,56
lp_3649,12,18,14,5,10,35
lp_3650,5,17,4,12,22,29
lp_3652,4,17,31,4,8,21
lp_3653,2,7,22,0,2,39
lp_3654,1,3,21,3,6,15
lp_3655,1,4,30,0,2,14
lp_3656,14,17,63,8,6,65
lp_3657,10,11,18,1,14,11
lp_3658,13,65,200,26,23,170
lp_3659,0,28,89,8,28,70
lp_3660,27,87,198,23,78,173
lp_3661,86,127,138,72,75,175
lp_3662,52,75,56,36,69,103
lp_3663,546,881,969,427,703,1140
lp_3664,94,90,31,103,113,51
lp_3665,80,71,31,63,82,61
lp_3666,31,28,6,6,10,12
lp_3668,32,71,65,31,37,91
lp_3669,650,640,97,602,434,161
lp_3672,61,340,766,73,256,792
lp_3673,397,1222,2606,334,1101,3149
lp_3675,237,227,371,181,144,476
lp_3676,364,498,640,516,793,1128
lp_3677,26,39,67,25,92,86
lp_3678,134,141,198,169,267,361
lp_3679,282,836,879,480,1656,1905
lp_3681,2229,958,2066,1894,854,1898
lp_3682,1434,507,1324,979,439,1377
lp_3683,472,440,498,428,381,549
lp_3684,15,40,103,24,39,94
lp_3686,21,38,22,14,26,29
lp_3687,7787,4713,4920,6444,3277,4270
lp_3688,4139,2301,2667,3418,1752,2057
lp_3688a,1809,1116,864,1331,942,770